_id,tipo_equipamento,registro_inmetro,numero_serie_fabricante,identificacao_equipamento,local_instalacao,sentido_fiscalizacao,latitude,longitude,faixas_fiscalizadas,velocidade_fiscalizada,vmd,periodo_vmd,data,hora,natureza_acidente,situacao,bairro,endereco,numero,detalhe_endereco_acidente,complemento,bairro_cruzamento,num_semaforo,sentido_via,tipo,descricao,auto,moto,ciclom,ciclista,pedestre,onibus,caminhao,viatura,outros,vitimas,vitimasfatais,acidente_verificado,tempo_clima,situacao_semaforo,sinalizacao,condicao_via,conservacao_via,ponto_controle,situacao_placa,velocidade_max_via,mao_direcao,divisao_via1,divisao_via2,divisao_via3
12,FIXO,Portaria 86/2013,R06911,CTTU 5943,AV BOA VIAGEM,-,-8.1078431,-34.8881609,3,60,20900,dez/20,2020-12-02,19:51:00,SEM VÍTIMA,CANCELADA,BOA VIAGEM,AV BOA VIAGEM,4338,,APÓS O POINT DA JAMAICA- EM FRENTE AO EDIFICIO MOHANA,BOA VIAGEM,,,CHOQUE,COLISÃO ENTRE DOIS AUTOS SEM VITIMAS- APOS A COLISÃO UM DOS VEÍCULOS CHOCOU-SE NO PORTÃO DO CONDOMINIO MOHANA,2.0,,,,,,,,,0.0,,,,,,,,,,,,,,
12,FIXO,Portaria 86/2013,R06911,CTTU 5943,AV BOA VIAGEM,-,-8.1078431,-34.8881609,3,60,20900,dez/20,2020-12-10,16:53:00,COM VÍTIMA,FINALIZADA,BOA VIAGEM,AV BOA VIAGEM,1338,,EM FRENTE AO SEGUNDO JARDIM,BOA VIAGEM,,CIDADE,ABALROAMENTO LONGITUDINAL,AGUARDANDO ATENDIMENTO DO SAMU. BATEDORES REGINALDO E MILTON NO LOCAL.,1.0,1.0,,,,,,,,1.0,,Longo da via,Bom,Não existe,Perfeito estado,Seca,Perfeito estado,Não existe,Não há placas,60 km/h,Única,Faixa seccionada,,
20,FIXO,Portaria 86/2013,R06909,CTTU 5957,AV CONSELHEIRO AGUIAR,-,-8.1280257,-34.9002668,2,60,18000,dez/20,2020-01-01,04:47:00,SEM VÍTIMA,FINALIZADA,PINA,AV CONSELHEIRO AGUIAR,,AV HERCULANO BANDEIRA,,PINA,138.0,,CHOQUE OBJETO FIXO,AUTO CHOCOU-SE EM MURO DE UMA RESIDENCIA E EM UM POSTE S/V,1.0,,,,,,,,,0.0,,Cruzamento,Bom,Sem defeito,Perfeito estado,Seca,Perfeito estado,Faixa de pedestre,R-6a,,Única,Faixa seccionada,,
20,FIXO,Portaria 86/2013,R06909,CTTU 5957,AV CONSELHEIRO AGUIAR,-,-8.1280257,-34.9002668,2,60,18000,dez/20,2020-01-02,14:15:00,SEM VÍTIMA,FINALIZADA,BOA VIAGEM,AV CONSELHEIRO AGUIAR,,RUA JORNALISTA FRANCISCO ALMEIDA,,BOA VIAGEM,,CIDADE,ABALROAMENTO LONGITUDINAL,ENTRE DOIS AUTOS S/V,2.0,,,,,,,,,0.0,,,Bom,Sem defeito,Perfeito estado,Seca,Perfeito estado,Faixa de pedestre,R-6a,60 km/h,Única,Faixa contínua,Faixa seccionada,
20,FIXO,Portaria 86/2013,R06909,CTTU 5957,AV CONSELHEIRO AGUIAR,-,-8.1280257,-34.9002668,2,60,18000,dez/20,2020-01-05,17:07:00,SEM VÍTIMA,FINALIZADA,PINA,AV CONSELHEIRO AGUIAR,960,RUA TOME GIBSON,PADARIA MIRAMAR,PINA,2.0,,ABALROAMENTO TRANSVERSAL,SEM VITIMAS,1.0,,,,,1.0,,,,0.0,,Cruzamento,Bom,Sem defeito,Perfeito estado,Seca,Perfeito estado,Faixa de pedestre,Não há placas,,Dupla,Faixa seccionada,,
20,FIXO,Portaria 86/2013,R06909,CTTU 5957,AV CONSELHEIRO AGUIAR,-,-8.1280257,-34.9002668,2,60,18000,dez/20,2020-01-06,18:49:00,SEM VÍTIMA,FINALIZADA,BOA VIAGEM,AV CONSELHEIRO AGUIAR,3572,,LOJA CORTA JACA,BOA VIAGEM,,CIDADE,ABALROAMENTO LONGITUDINAL,ENTRE 2 AUTOS. S/V,2.0,,,,,,,,,0.0,,Longo da via,Bom,Não existe,Perfeito estado,Seca,Perfeito estado,Não existe,R-6a,60 km/h,Única,Faixa seccionada,,
20,FIXO,Portaria 86/2013,R06909,CTTU 5957,AV CONSELHEIRO AGUIAR,-,-8.1280257,-34.9002668,2,60,18000,dez/20,2020-01-12,05:47:00,COM VÍTIMA,FINALIZADA,BOA VIAGEM,AV CONSELHEIRO AGUIAR,2178,,EM FRENTE AO BRADESCO,BOA VIAGEM,,SUBURBIO,CHOQUE OBJETO FIXO,VIATURA DA PM CHOCOU-SE EM UMA ÁRVORE C/V,1.0,,,,,,,,,2.0,,Longo da via,Bom,Não existe,Perfeito estado,Seca,Perfeito estado,,R-6a,,Única,Faixa seccionada,,
20,FIXO,Portaria 86/2013,R06909,CTTU 5957,AV CONSELHEIRO AGUIAR,-,-8.1280257,-34.9002668,2,60,18000,dez/20,2020-01-16,16:35:00,SEM VÍTIMA,FINALIZADA,BOA VIAGEM,AV CONSELHEIRO AGUIAR,4880,,EM FRENTE A GALERIA PRAIA SUL,BOA VIAGEM,,CIDADE,COLISÃO TRASEIRA,COLISAO SEM VITIMAS,3.0,,,,,,,,,0.0,,Longo da via,Bom,Não existe,Perfeito estado,Seca,Perfeito estado,Não existe,Outras,60 km/h,Única,Faixa seccionada,,
20,FIXO,Portaria 86/2013,R06909,CTTU 5957,AV CONSELHEIRO AGUIAR,-,-8.1280257,-34.9002668,2,60,18000,dez/20,2020-01-17,01:01:00,SEM VÍTIMA,FINALIZADA,PINA,AV CONSELHEIRO AGUIAR,,RUA PEREIRA DA COSTA,,PINA,140.0,CIDADE,ABALROAMENTO TRANSVERSAL,ENTRE 2 AUTOS. S/V,2.0,,,,,,,,,0.0,,Cruzamento,Bom,Intermitente,Perfeito estado,Seca,Perfeito estado,Faixa de pedestre,,,Única,Faixa seccionada,,
20,FIXO,Portaria 86/2013,R06909,CTTU 5957,AV CONSELHEIRO AGUIAR,-,-8.1280257,-34.9002668,2,60,18000,dez/20,2020-01-17,10:22:00,SEM VÍTIMA,FINALIZADA,BOA VIAGEM,AV CONSELHEIRO AGUIAR,2814,RUA TENENTE JOAO CICERO,,BOA VIAGEM,,CIDADE,ABALROAMENTO LONGITUDINAL,AUTO E MOTO SUB INSP. ROMERO NO LOCAL,1.0,1.0,,,,,,,,0.0,,Cruzamento,Bom,Não existe,Perfeito estado,Seca,Perfeito estado,Não existe,Não há placas,,Única,Faixa seccionada,,
20,FIXO,Portaria 86/2013,R06909,CTTU 5957,AV CONSELHEIRO AGUIAR,-,-8.1280257,-34.9002668,2,60,18000,dez/20,2020-01-20,11:42:00,COM VÍTIMA,FINALIZADA,BOA VIAGEM,AV CONSELHEIRO AGUIAR,,RUA ERNESTO DE PAULA SANTOS,HABIB'S.,BOA VIAGEM,127.0,CIDADE,ABALROAMENTO LONGITUDINAL,AUTO E MOTO,1.0,1.0,,,,,,,,1.0,,Cruzamento,Bom,Sem defeito,Perfeito estado,Seca,Perfeito estado,Faixa de pedestre,Não há placas,60 km/h,Única,Faixa seccionada,,
20,FIXO,Portaria 86/2013,R06909,CTTU 5957,AV CONSELHEIRO AGUIAR,-,-8.1280257,-34.9002668,2,60,18000,dez/20,2020-01-21,10:24:00,SEM VÍTIMA,FINALIZADA,BOA VIAGEM,AV CONSELHEIRO AGUIAR,1748,,EM FRENTE AO EMPRESARIAL ITALO BRASIL RENDA,BOA VIAGEM,,CIDADE,ABALROAMENTO LONGITUDINAL,AUTO E CAMINHÃO,1.0,,,,,,1.0,,,0.0,,Longo da via,Bom,Não existe,Perfeito estado,Seca,Perfeito estado,Não existe,Não há placas,60 km/h,Única,Faixa seccionada,,
20,FIXO,Portaria 86/2013,R06909,CTTU 5957,AV CONSELHEIRO AGUIAR,-,-8.1280257,-34.9002668,2,60,18000,dez/20,2020-01-26,14:23:00,SEM VÍTIMA,FINALIZADA,BOA VIAGEM,AV CONSELHEIRO AGUIAR,2333,,E/F AO EMPRESARIAL JOÃO ROMA,BOA VIAGEM,,CIDADE,ABALROAMENTO LONGITUDINAL,ENTRE ONIBUS X AUTO PASSEIO S/V,1.0,,,,,1.0,,,,0.0,,Longo da via,Bom,Não existe,Perfeito estado,Seca,Perfeito estado,Não existe,R-6a,,Única,Faixa seccionada,,
20,FIXO,Portaria 86/2013,R06909,CTTU 5957,AV CONSELHEIRO AGUIAR,-,-8.1280257,-34.9002668,2,60,18000,dez/20,2020-01-29,08:53:00,SEM VÍTIMA,FINALIZADA,PINA,AV CONSELHEIRO AGUIAR,165,,EM FRENTE A IGREJA PRESBITERIANA DO PINA,PINA,,CIDADE,ABALROAMENTO LONGITUDINAL,SEM VITIMAS /CTTU NO LOCAL -SUB INSP NATALICIO VAI FAZER O B.O,1.0,,,,,1.0,,,1.0,0.0,,Longo da via,Bom,Não existe,Perfeito estado,Seca,Perfeito estado,,Não há placas,60 km/h,Única,Faixa seccionada,,
20,FIXO,Portaria 86/2013,R06909,CTTU 5957,AV CONSELHEIRO AGUIAR,-,-8.1280257,-34.9002668,2,60,18000,dez/20,2020-01-29,13:24:00,SEM VÍTIMA,FINALIZADA,BOA VIAGEM,AV CONSELHEIRO AGUIAR,4200,RUA RIBEIRO DE BRITO,EDIFICIO HOLIDAY,BOA VIAGEM,147.0,CIDADE,COLISÃO FRONTAL,COLISÃO SEM VÍTIMA,2.0,,,,,,,,,0.0,,Cruzamento,Bom,Sem defeito,Perfeito estado,Seca,Perfeito estado,Faixa de pedestre,Não há placas,60 km/h,Única,Faixa seccionada,,
20,FIXO,Portaria 86/2013,R06909,CTTU 5957,AV CONSELHEIRO AGUIAR,-,-8.1280257,-34.9002668,2,60,18000,dez/20,2020-02-04,12:59:00,SEM VÍTIMA,FINALIZADA,BOA VIAGEM,AV CONSELHEIRO AGUIAR,3105,RUA ANTONIO FALCAO,,BOA VIAGEM,,CIDADE,COLISÃO TRASEIRA,COLISÃO SEM VÍTIMA,2.0,,,,,,,,,0.0,,Longo da via,Bom,Sem defeito,Perfeito estado,Seca,Perfeito estado,Não existe,Não há placas,,Única,Faixa seccionada,,
20,FIXO,Portaria 86/2013,R06909,CTTU 5957,AV CONSELHEIRO AGUIAR,-,-8.1280257,-34.9002668,2,60,18000,dez/20,2020-02-04,14:25:00,SEM VÍTIMA,FINALIZADA,BOA VIAGEM,AV CONSELHEIRO AGUIAR,,,EM FRENTE AO BANCO BRADESCO,BOA VIAGEM,546.0,CIDADE,COLISÃO TRASEIRA,COLISAO SEM VITIMAS,2.0,,,,,,,,,0.0,,Cruzamento,Bom,Sem defeito,Perfeito estado,Seca,Perfeito estado,Faixa de pedestre,Não há placas,60 km/h,Única,Faixa seccionada,,
20,FIXO,Portaria 86/2013,R06909,CTTU 5957,AV CONSELHEIRO AGUIAR,-,-8.1280257,-34.9002668,2,60,18000,dez/20,2020-02-04,19:20:00,SEM VÍTIMA,FINALIZADA,BOA VIAGEM,AV CONSELHEIRO AGUIAR,980,,AO LADO DO GREEN MIX,BOA VIAGEM,2.0,CIDADE,COLISÃO TRASEIRA,ENTRE 2 AUTOS. S/V,2.0,,,,,,,,,0.0,,Longo da via,Bom,Sem defeito,Perfeito estado,Seca,Perfeito estado,Agente,Não há placas,40 km/h,Única,Faixa contínua,,
20,FIXO,Portaria 86/2013,R06909,CTTU 5957,AV CONSELHEIRO AGUIAR,-,-8.1280257,-34.9002668,2,60,18000,dez/20,2020-02-06,00:53:00,SEM VÍTIMA,FINALIZADA,BOA VIAGEM,AV CONSELHEIRO AGUIAR,1726,,ESPAÇO COSTA,BOA VIAGEM,,CIDADE,CHOQUE OBJETO FIXO,AUTO CHOCOU-SE EM UM POSTE S/V,1.0,,,,,,,,,0.0,,Longo da via,Bom,,,Seca,,Não existe,Não há placas,,Única,Faixa seccionada,,
20,FIXO,Portaria 86/2013,R06909,CTTU 5957,AV CONSELHEIRO AGUIAR,-,-8.1280257,-34.9002668,2,60,18000,dez/20,2020-02-07,15:44:00,SEM VÍTIMA,FINALIZADA,BOA VIAGEM,AV CONSELHEIRO AGUIAR,,RUA CORONEL BENEDITO CHAVES,,BOA VIAGEM,114.0,,ABALROAMENTO TRANSVERSAL,COLISAO SEM VITIMAS,2.0,,,,,,,,,0.0,,Cruzamento,Bom,Sem defeito,Perfeito estado,Seca,Perfeito estado,Faixa de pedestre,Outras,60 km/h,Única,Faixa contínua,,
20,FIXO,Portaria 86/2013,R06909,CTTU 5957,AV CONSELHEIRO AGUIAR,-,-8.1280257,-34.9002668,2,60,18000,dez/20,2020-02-09,15:24:00,SEM VÍTIMA,CANCELADA,BOA VIAGEM,AV CONSELHEIRO AGUIAR,1540,,EM FRENTE AO POSTO DE GASOLINA PETROBRAS,BOA VIAGEM,,,COLISÃO,COLISÃO SEM VÍTIMA,2.0,,,,,,,,,0.0,,,,,,,,,,,,,,
20,FIXO,Portaria 86/2013,R06909,CTTU 5957,AV CONSELHEIRO AGUIAR,-,-8.1280257,-34.9002668,2,60,18000,dez/20,2020-02-10,14:14:00,SEM VÍTIMA,FINALIZADA,BOA VIAGEM,AV CONSELHEIRO AGUIAR,1350,RUA JORNALISTA ADETH LEITE,,BOA VIAGEM,,CIDADE,CHOQUE OBJETO FIXO,COLISAO SEM VITIMAS,1.0,,,,,,,,,0.0,,Cruzamento,Bom,Não existe,Perfeito estado,Seca,Perfeito estado,Não existe,Não há placas,60 km/h,Única,Faixa seccionada,,
20,FIXO,Portaria 86/2013,R06909,CTTU 5957,AV CONSELHEIRO AGUIAR,-,-8.1280257,-34.9002668,2,60,18000,dez/20,2020-02-11,16:17:00,SEM VÍTIMA,CANCELADA,BOA VIAGEM,AV CONSELHEIRO AGUIAR,1360,,EM FRENTE A GALERIA CETRO SUL,BOA VIAGEM,,,COLISÃO,COLISÃO SEM VITIMAS,2.0,,,,,,,,,0.0,,,,,,,,,,,,,,
20,FIXO,Portaria 86/2013,R06909,CTTU 5957,AV CONSELHEIRO AGUIAR,-,-8.1280257,-34.9002668,2,60,18000,dez/20,2020-02-12,16:01:00,COM VÍTIMA,FINALIZADA,BOA VIAGEM,AV CONSELHEIRO AGUIAR,2065,,E/F A CAIXA ECONOMICA,BOA VIAGEM,,CIDADE,COLISÃO COM CICLISTA,COLISÃO C/CICLISTA,1.0,,,1.0,,,,,,1.0,,Longo da via,Bom,Não existe,Perfeito estado,Seca,Perfeito estado,Não existe,Outras,,Única,Faixa contínua,,
20,FIXO,Portaria 86/2013,R06909,CTTU 5957,AV CONSELHEIRO AGUIAR,-,-8.1280257,-34.9002668,2,60,18000,dez/20,2020-02-12,22:38:00,COM VÍTIMA,CANCELADA,PINA,AV CONSELHEIRO AGUIAR,,,E/F AO CAMINHO DA SORTE,PINA,,,COLISÃO,COLISAO COM VITIMA,,1.0,,,,,,,,1.0,,,,,,,,,,,,,,
20,FIXO,Portaria 86/2013,R06909,CTTU 5957,AV CONSELHEIRO AGUIAR,-,-8.1280257,-34.9002668,2,60,18000,dez/20,2020-02-15,13:38:00,SEM VÍTIMA,FINALIZADA,BOA VIAGEM,AV CONSELHEIRO AGUIAR,4552,,EM FRENTE A FARMACIA DROGASIL,BOA VIAGEM,,,COLISÃO,SEM VITIMAS,2.0,,,,,,,,,0.0,,Longo da via,Bom,Sem defeito,Perfeito estado,Seca,Perfeito estado,Faixa de pedestre,Outras,40 km/h,Única,Faixa contínua,,
20,FIXO,Portaria 86/2013,R06909,CTTU 5957,AV CONSELHEIRO AGUIAR,-,-8.1280257,-34.9002668,2,60,18000,dez/20,2020-02-16,09:55:00,COM VÍTIMA,FINALIZADA,BOA VIAGEM,AV CONSELHEIRO AGUIAR,1350,,PROX AO CLINICAL CENTER,BOA VIAGEM,,SUBURBIO,COLISÃO TRASEIRA,COLISÃO COM VITIMA  GM  LUCIANO QTH,1.0,,,,,1.0,,,,1.0,,Longo da via,Bom,Não existe,Perfeito estado,Seca,Perfeito estado,Não existe,R-6a,,Única,Faixa contínua,,
20,FIXO,Portaria 86/2013,R06909,CTTU 5957,AV CONSELHEIRO AGUIAR,-,-8.1280257,-34.9002668,2,60,18000,dez/20,2020-02-17,18:21:00,SEM VÍTIMA,FINALIZADA,BOA VIAGEM,AV CONSELHEIRO AGUIAR,2034,,E/F AO MINUTO PÃO DE AÇUCAR,BOA VIAGEM,,CIDADE,ENGAVETAMENTO,ENTRE 3 AUTOS. S/V,3.0,,,,,,,,,0.0,,Longo da via,Bom,Não existe,Perfeito estado,Seca,Perfeito estado,Não existe,Outras,,Única,Faixa seccionada,,
20,FIXO,Portaria 86/2013,R06909,CTTU 5957,AV CONSELHEIRO AGUIAR,-,-8.1280257,-34.9002668,2,60,18000,dez/20,2020-02-20,18:22:00,SEM VÍTIMA,FINALIZADA,BOA VIAGEM,AV CONSELHEIRO AGUIAR,4200,RUA RIBEIRO DE BRITO,AO LADO DO HOLIDAY,BOA VIAGEM,147.0,CIDADE,COLISÃO,COLISÃO SEM VÍTIMA,1.0,1.0,,,,,,,,0.0,,Cruzamento,Chuvoso,Sem defeito,Perfeito estado,Molhada,Perfeito estado,Agente,Não há placas,60 km/h,Única,Faixa seccionada,,
20,FIXO,Portaria 86/2013,R06909,CTTU 5957,AV CONSELHEIRO AGUIAR,-,-8.1280257,-34.9002668,2,60,18000,dez/20,2020-02-21,08:26:00,SEM VÍTIMA,FINALIZADA,BOA VIAGEM,AV CONSELHEIRO AGUIAR,2217,,LADO OPOSTO A PORTOBELLO SHOP,BOA VIAGEM,,CIDADE,ABALROAMENTO LONGITUDINAL,COLISAO SEM VITIMAS,1.0,,,,,1.0,,,,0.0,,Longo da via,Bom,Não existe,Perfeito estado,Seca,Perfeito estado,Não existe,Outras,,Única,Faixa contínua,Faixa seccionada,
20,FIXO,Portaria 86/2013,R06909,CTTU 5957,AV CONSELHEIRO AGUIAR,-,-8.1280257,-34.9002668,2,60,18000,dez/20,2020-02-21,12:19:00,SEM VÍTIMA,FINALIZADA,BOA VIAGEM,AV CONSELHEIRO AGUIAR,,RUA RIBEIRO DE BRITO,,BOA VIAGEM,147.0,CIDADE,COLISÃO TRASEIRA,COLISÃO SEM VÍTIMA,2.0,,,,,,,,,0.0,,Cruzamento,Bom,Sem defeito,Perfeito estado,Seca,Perfeito estado,Faixa de pedestre,R-6a,,Única,Faixa seccionada,,
20,FIXO,Portaria 86/2013,R06909,CTTU 5957,AV CONSELHEIRO AGUIAR,-,-8.1280257,-34.9002668,2,60,18000,dez/20,2020-02-21,18:55:00,SEM VÍTIMA,FINALIZADA,PINA,AV CONSELHEIRO AGUIAR,226,,OPOSTO A MASSARIA,PINA,,CIDADE,ABALROAMENTO LONGITUDINAL,COLISÃO ENTRE AUTO E ÔNIBUS S/V,1.0,,,,,1.0,,,,0.0,,Longo da via,Bom,Não existe,Perfeito estado,Seca,,Não existe,R-6a,,Única,Faixa seccionada,,
20,FIXO,Portaria 86/2013,R06909,CTTU 5957,AV CONSELHEIRO AGUIAR,-,-8.1280257,-34.9002668,2,60,18000,dez/20,2020-02-25,15:23:00,SEM VÍTIMA,FINALIZADA,BOA VIAGEM,AV CONSELHEIRO AGUIAR,,,SEMÁFORO 147,BOA VIAGEM,147.0,CIDADE,ABALROAMENTO LONGITUDINAL,COLISAO SEM VITIMAS,1.0,,,,,1.0,,,,0.0,,Cruzamento,Bom,Sem defeito,Perfeito estado,Seca,Perfeito estado,Faixa de pedestre,R-6a,,Única,Faixa contínua,Faixa seccionada,
20,FIXO,Portaria 86/2013,R06909,CTTU 5957,AV CONSELHEIRO AGUIAR,-,-8.1280257,-34.9002668,2,60,18000,dez/20,2020-02-27,23:22:00,SEM VÍTIMA,FINALIZADA,BOA VIAGEM,AV CONSELHEIRO AGUIAR,,RUA ARTUR MUNIZ,POSTO BR,BOA VIAGEM,5.0,,ABALROAMENTO TRANSVERSAL,COLISÃO DOIS AUTOS S/VITIMA,2.0,,,,,,,,,0.0,,Cruzamento,Bom,Sem defeito,Perfeito estado,Seca,Perfeito estado,Faixa de pedestre,Outras,,Única,Faixa seccionada,,
20,FIXO,Portaria 86/2013,R06909,CTTU 5957,AV CONSELHEIRO AGUIAR,-,-8.1280257,-34.9002668,2,60,18000,dez/20,2020-03-04,09:35:00,SEM VÍTIMA,FINALIZADA,BOA VIAGEM,AV CONSELHEIRO AGUIAR,,RUA CORONEL BENEDITO CHAVES,EM FRENTE AO HOTEL SAVERO,BOA VIAGEM,114.0,CIDADE,COLISÃO TRASEIRA,COLISAO SEM VITIMAS,2.0,,,,,,,,,0.0,,Cruzamento,Bom,Sem defeito,Perfeito estado,Seca,Perfeito estado,Faixa de pedestre,Não há placas,60 km/h,Única,,,
20,FIXO,Portaria 86/2013,R06909,CTTU 5957,AV CONSELHEIRO AGUIAR,-,-8.1280257,-34.9002668,2,60,18000,dez/20,2020-03-07,09:09:00,SEM VÍTIMA,FINALIZADA,BOA VIAGEM,AV CONSELHEIRO AGUIAR,2178,,DIPLOMATA DELICATESSEN,BOA VIAGEM,,CIDADE,ABALROAMENTO LONGITUDINAL,DOIS AUTOS,2.0,,,,,,,,,0.0,,Longo da via,Bom,Não existe,Perfeito estado,Seca,Perfeito estado,Não existe,Não há placas,,Única,Faixa seccionada,,
20,FIXO,Portaria 86/2013,R06909,CTTU 5957,AV CONSELHEIRO AGUIAR,-,-8.1280257,-34.9002668,2,60,18000,dez/20,2020-03-07,20:14:00,SEM VÍTIMA,FINALIZADA,BOA VIAGEM,AV CONSELHEIRO AGUIAR,1385,RUA FREI LEANDRO,EM FRENTE A GALERIA NORTE CENTER,BOA VIAGEM,240.0,CIDADE,ABALROAMENTO LONGITUDINAL,COLISAO SEM VITIMAS,1.0,1.0,,,,,,,,0.0,,Longo da via,Bom,Sem defeito,Perfeito estado,Seca,Perfeito estado,Faixa de pedestre,R-6a,60 km/h,Única,Faixa contínua,,
20,FIXO,Portaria 86/2013,R06909,CTTU 5957,AV CONSELHEIRO AGUIAR,-,-8.1280257,-34.9002668,2,60,18000,dez/20,2020-03-08,05:27:00,COM VÍTIMA,FINALIZADA,BOA VIAGEM,AV CONSELHEIRO AGUIAR,2892,RUA PADRE BERNADINO PESSOA,,BOA VIAGEM,125.0,CIDADE,ABALROAMENTO TRANSVERSAL,COLISÃO ENTRE DOIS AUTOS C/V,2.0,,,,,,,,,1.0,,Cruzamento,Bom,Sem defeito,Perfeito estado,Seca,Perfeito estado,Faixa de pedestre,Não há placas,60 km/h,Única,Faixa seccionada,,
20,FIXO,Portaria 86/2013,R06909,CTTU 5957,AV CONSELHEIRO AGUIAR,-,-8.1280257,-34.9002668,2,60,18000,dez/20,2020-03-11,09:21:00,SEM VÍTIMA,FINALIZADA,BOA VIAGEM,AV CONSELHEIRO AGUIAR,4214,,EM FRENTE AO RESTAURANTE GALETUS,BOA VIAGEM,,CIDADE,ABALROAMENTO LONGITUDINAL,SEM VITIMAS,1.0,,,,,1.0,,,,0.0,,Longo da via,Chuvoso,Não existe,Perfeito estado,Molhada,Perfeito estado,Não existe,R-6a,60 km/h,Única,Faixa seccionada,,
20,FIXO,Portaria 86/2013,R06909,CTTU 5957,AV CONSELHEIRO AGUIAR,-,-8.1280257,-34.9002668,2,60,18000,dez/20,2020-03-11,09:39:00,SEM VÍTIMA,FINALIZADA,BOA VIAGEM,AV CONSELHEIRO AGUIAR,3321,,EDF. NOSSA SENHORA DA PAZ,BOA VIAGEM,,CIDADE,ABALROAMENTO LONGITUDINAL,COLISAO SEM VITIMAS,2.0,,,,,,,,,0.0,,Longo da via,Bom,Não existe,Perfeito estado,Seca,Perfeito estado,,Não há placas,40 km/h,Única,Faixa contínua,,
20,FIXO,Portaria 86/2013,R06909,CTTU 5957,AV CONSELHEIRO AGUIAR,-,-8.1280257,-34.9002668,2,60,18000,dez/20,2020-03-11,20:50:00,SEM VÍTIMA,FINALIZADA,BOA VIAGEM,AV CONSELHEIRO AGUIAR,,,SOB O SEMÁFORO 241,BOA VIAGEM,241.0,CIDADE,ABALROAMENTO TRANSVERSAL,ÕNIBUS X AUTO PASSEIO. S/V,1.0,,,,,1.0,,,,0.0,,Longo da via,Chuvoso,Sem defeito,Perfeito estado,Molhada,Perfeito estado,Não existe,Não há placas,,Única,Faixa seccionada,,
20,FIXO,Portaria 86/2013,R06909,CTTU 5957,AV CONSELHEIRO AGUIAR,-,-8.1280257,-34.9002668,2,60,18000,dez/20,2020-03-25,13:57:00,COM VÍTIMA,FINALIZADA,BOA VIAGEM,AV CONSELHEIRO AGUIAR,,RUA FELIX DE BRITO E MELO,NO SEMAFORO 546,BOA VIAGEM,546.0,CIDADE,ABALROAMENTO LONGITUDINAL,COLISA ENTRE AUTO E MOTO COM UMA VITIMA,1.0,1.0,,,,,,,,1.0,,Cruzamento,Bom,Sem defeito,Perfeito estado,Seca,Perfeito estado,Faixa de pedestre,R-6a,60 km/h,Única,Faixa seccionada,,
20,FIXO,Portaria 86/2013,R06909,CTTU 5957,AV CONSELHEIRO AGUIAR,-,-8.1280257,-34.9002668,2,60,18000,dez/20,2020-05-02,16:49:00,COM VÍTIMA,DUPLICIDADE,BOA VIAGEM,AV CONSELHEIRO AGUIAR,DPL,RUA ERNESTO DE PAULA SANTOS,AO LADO DA LANCHONETE HABBIS,BOA VIAGEM,,,COLISÃO,MOTOCICLETA E AUTO PASSEIO,1.0,1.0,,,,,,,,1.0,,,,,,,,,,,,,,
20,FIXO,Portaria 86/2013,R06909,CTTU 5957,AV CONSELHEIRO AGUIAR,-,-8.1280257,-34.9002668,2,60,18000,dez/20,2020-05-10,02:41:00,SEM VÍTIMA,FINALIZADA,BOA VIAGEM,AV CONSELHEIRO AGUIAR,2052,,E/F A CAIXA ECONOMICA FEDERAL,BOA VIAGEM,,,COLISÃO,COLISÃO 2 AUTOS S/VITIMA - ALCOOLEMIA - PMPE NO LOCAL,2.0,,,,,,,,,0.0,,Longo da via,Bom,Não existe,Perfeito estado,Seca,Perfeito estado,Faixa de pedestre,Não há placas,60km,Única,Não existe,,
20,FIXO,Portaria 86/2013,R06909,CTTU 5957,AV CONSELHEIRO AGUIAR,-,-8.1280257,-34.9002668,2,60,18000,dez/20,2020-06-03,08:07:00,COM VÍTIMA,FINALIZADA,BOA VIAGEM,AV CONSELHEIRO AGUIAR,,RUA RIBEIRO DE BRITO,POSTO PETROBRAS,BOA VIAGEM,147.0,CIDADE,COLISÃO COM CICLISTA,COLISÃO AUTOMÓVEL E BICICLETA,1.0,,,1.0,,,,,,1.0,,Cruzamento,Bom,Sem defeito,Perfeito estado,Seca,Perfeito estado,Agente,Outras,,Única,Faixa contínua,Faixa seccionada,