_id,tipo_equipamento,registro_inmetro,numero_serie_fabricante,identificacao_equipamento,local_instalacao,sentido_fiscalizacao,latitude,longitude,faixas_fiscalizadas,velocidade_fiscalizada,vmd,periodo_vmd,data,hora,natureza_acidente,situacao,bairro,endereco,numero,detalhe_endereco_acidente,complemento,bairro_cruzamento,num_semaforo,sentido_via,tipo,descricao,auto,moto,ciclom,ciclista,pedestre,onibus,caminhao,viatura,outros,vitimas,vitimasfatais,acidente_verificado,tempo_clima,situacao_semaforo,sinalizacao,condicao_via,conservacao_via,ponto_controle,situacao_placa,velocidade_max_via,mao_direcao,divisao_via1,divisao_via2,divisao_via3
20,FIXO,Portaria 86/2013,R06909,CTTU 5957,AV CONSELHEIRO AGUIAR,-,-8.1280257,-34.9002668,2,60,18000,dez/20,2020-06-16,23:02:00,SEM VÍTIMA,FINALIZADA,BOA VIAGEM,AV CONSELHEIRO AGUIAR,,RUA FELIX DE BRITO E MELO,CRUZAMENTO C/A RUA FELIX DE BRITO E MELO - EM FRENTE AO BRADESCO,BOA VIAGEM,,SUBURBIO,CHOQUE OBJETO FIXO,ONIBUS DA EMPRESA BORBOREMA CHOCOU-SE CONTRA UM POSTE DE ALTA TENSÃO- QUE AMEAÇA CAIR NA VIA - SEM VÍTIMA,,,,,,1.0,,,,0.0,,Cruzamento,Chuvoso,Sem defeito,Perfeito estado,Molhada,Perfeito estado,Faixa de pedestre,R-6a,40KM,Única,Outros,,
20,FIXO,Portaria 86/2013,R06909,CTTU 5957,AV CONSELHEIRO AGUIAR,-,-8.1280257,-34.9002668,2,60,18000,dez/20,2020-07-13,11:04:00,SEM VÍTIMA,FINALIZADA,BOA VIAGEM,AV CONSELHEIRO AGUIAR,3572,,SEMAF 115,BOA VIAGEM,115.0,CIDADE,COLISÃO,COLISÃO,1.0,,,,,1.0,,,,0.0,,Longo da via,Bom,Sem defeito,Perfeito estado,Seca,Perfeito estado,Faixa de pedestre,R-6a,,Única,Faixa contínua,Faixa seccionada,
20,FIXO,Portaria 86/2013,R06909,CTTU 5957,AV CONSELHEIRO AGUIAR,-,-8.1280257,-34.9002668,2,60,18000,dez/20,2020-08-06,23:43:00,SEM VÍTIMA,FINALIZADA,BOA VIAGEM,AV CONSELHEIRO AGUIAR,,RUA BRUNO VELOSO,BANCA DE REVISTA,BOA VIAGEM,146.0,CIDADE,COLISÃO TRASEIRA,UM DOS CONDUTORES COM SINTOMA DE EMBRIAGUES,2.0,,,,,,,,,0.0,,Longo da via,Bom,Sem defeito,Perfeito estado,Seca,Perfeito estado,Faixa de pedestre,R-6a,60 km/h,Única,Não existe,,
20,FIXO,Portaria 86/2013,R06909,CTTU 5957,AV CONSELHEIRO AGUIAR,-,-8.1280257,-34.9002668,2,60,18000,dez/20,2020-08-17,21:26:00,COM VÍTIMA,FINALIZADA,BOA VIAGEM,AV CONSELHEIRO AGUIAR,4200,RUA RIBEIRO DE BRITO,SEMÁFORO 147 / E/F AO EDF HOLIDAY,BOA VIAGEM,147.0,CIDADE,ABALROAMENTO TRANSVERSAL,ENTRE AUTO E MOTO. C/V,1.0,1.0,,,,,,,,1.0,,Cruzamento,Chuvoso,Sem defeito,Perfeito estado,Molhada,Perfeito estado,Faixa de pedestre,R-6a,,Única,Faixa contínua,,
20,FIXO,Portaria 86/2013,R06909,CTTU 5957,AV CONSELHEIRO AGUIAR,-,-8.1280257,-34.9002668,2,60,18000,dez/20,2020-08-19,14:45:00,SEM VÍTIMA,FINALIZADA,ESPINHEIRO,AV CONSELHEIRO AGUIAR,431,,,ESPINHEIRO,,SUBURBIO,CHOQUE OBJETO FIXO,PEDALADA CICLISTICA - SOLICITANDO CICLO FAIXA,1.0,,,,,,,,,0.0,,Longo da via,Bom,Não existe,Perfeito estado,Seca,Perfeito estado,Não existe,,,Única,Faixa contínua,Faixa seccionada,
20,FIXO,Portaria 86/2013,R06909,CTTU 5957,AV CONSELHEIRO AGUIAR,-,-8.1280257,-34.9002668,2,60,18000,dez/20,2020-08-21,01:03:00,COM VÍTIMA,CANCELADA,BOA VIAGEM,AV CONSELHEIRO AGUIAR,,RUA ARTUR MUNIZ,PRÓXIMO A MAC'DONALDS,BOA VIAGEM,,CIDADE,COLISÃO,COLISÃO COM VÍTIMA,,,,,,,,,,1.0,,,,,,,,,,,,,,
20,FIXO,Portaria 86/2013,R06909,CTTU 5957,AV CONSELHEIRO AGUIAR,-,-8.1280257,-34.9002668,2,60,18000,dez/20,2020-08-23,03:20:00,COM VÍTIMA,FINALIZADA,BOA VIAGEM,AV CONSELHEIRO AGUIAR,,RUA SEVERINO BERNARDINO PEREIRA,,BOA VIAGEM,125.0,CIDADE,ABALROAMENTO TRANSVERSAL,AUTO E MOTO.,1.0,1.0,,,,,,,,1.0,,Cruzamento,Bom,Sem defeito,Perfeito estado,Seca,Perfeito estado,Faixa de pedestre,Outras,,Única,Faixa seccionada,,
20,FIXO,Portaria 86/2013,R06909,CTTU 5957,AV CONSELHEIRO AGUIAR,-,-8.1280257,-34.9002668,2,60,18000,dez/20,2020-08-31,12:20:00,COM VÍTIMA,FINALIZADA,PINA,AV CONSELHEIRO AGUIAR,960,RUA TOME GIBSON,EM FRENTE A PADARIA MIRAMAR,PINA,2.0,CIDADE,ABALROAMENTO LONGITUDINAL,COLISÃO COM VÍTIMA,1.0,1.0,,,,,,,,1.0,,Cruzamento,Bom,Sem defeito,Perfeito estado,Seca,Perfeito estado,Faixa de pedestre,R-6a,,Única,Faixa contínua,Faixa seccionada,
20,FIXO,Portaria 86/2013,R06909,CTTU 5957,AV CONSELHEIRO AGUIAR,-,-8.1280257,-34.9002668,2,60,18000,dez/20,2020-10-02,20:28:00,COM VÍTIMA,FINALIZADA,BOA VIAGEM,AV CONSELHEIRO AGUIAR,,RUA SOUTO FILHO,PRÓX A ESCOLA ESTADUAL LANDELINO ROCHA,BOA VIAGEM,133.0,CIDADE,ABALROAMENTO LONGITUDINAL,AUTO X MOTO. C/V,1.0,1.0,,,,,,,,1.0,,Cruzamento,Bom,Sem defeito,Perfeito estado,Seca,Mal iluminada,Faixa de pedestre,R-6a,60 km/h,Única,Faixa seccionada,,
20,FIXO,Portaria 86/2013,R06909,CTTU 5957,AV CONSELHEIRO AGUIAR,-,-8.1280257,-34.9002668,2,60,18000,dez/20,2020-10-09,17:23:00,COM VÍTIMA,FINALIZADA,BOA VIAGEM,AV CONSELHEIRO AGUIAR,2034,RUA PROFESSOR OSIAS RIBEIRO,E/F AO SUPERMECARDO MINUTO,BOA VIAGEM,,SUBURBIO,ABALROAMENTO TRANSVERSAL,COLISAO ENTRE DOIS AUTOS COM VITIMAS,2.0,,,,,,,,,1.0,,Cruzamento,Bom,Não existe,,Seca,Perfeito estado,Outros,Outras,,Única,Faixa seccionada,,
20,FIXO,Portaria 86/2013,R06909,CTTU 5957,AV CONSELHEIRO AGUIAR,-,-8.1280257,-34.9002668,2,60,18000,dez/20,2020-10-19,15:14:00,COM VÍTIMA,FINALIZADA,BOA VIAGEM,AV CONSELHEIRO AGUIAR,1851,RUA JORNALISTA FRANCISCO ALMEIDA,NO CRUZAMENTO MESMO,BOA VIAGEM,,CIDADE,ABALROAMENTO LONGITUDINAL,COLISAO ENTRE AUTO E MOTO COM VITIMAS,1.0,1.0,,,,,,,,2.0,,Longo da via,Bom,Não existe,Perfeito estado,Seca,,,Outras,,Única,Faixa contínua,Faixa seccionada,
20,FIXO,Portaria 86/2013,R06909,CTTU 5957,AV CONSELHEIRO AGUIAR,-,-8.1280257,-34.9002668,2,60,18000,dez/20,2020-10-20,17:35:00,COM VÍTIMA,FINALIZADA,BOA VIAGEM,AV CONSELHEIRO AGUIAR,2610,,E/F AO ATACADAO MEC BATEDOR NA MOTO 08/39/06/35. TECNO HOUSE.,BOA VIAGEM,,,COLISÃO TRASEIRA,COLISAO ENTRE AUTO E MOTO COM UMA VITIMA,1.0,1.0,,,,,,,,1.0,,Longo da via,Bom,Não existe,Perfeito estado,Seca,Perfeito estado,Não existe,Outras,60 km/h,Única,Faixa contínua,Faixa seccionada,
20,FIXO,Portaria 86/2013,R06909,CTTU 5957,AV CONSELHEIRO AGUIAR,-,-8.1280257,-34.9002668,2,60,18000,dez/20,2020-10-21,13:56:00,COM VÍTIMA,CANCELADA,BOA VIAGEM,AV CONSELHEIRO AGUIAR,,,E/F A PRACINHA DE BOA VIAGEM,BOA VIAGEM,,,COLISÃO,COLISAO DE AUTO E MOTO COM VITIMAS,1.0,1.0,,,,,,,,1.0,,,,,,,,,,,,,,
20,FIXO,Portaria 86/2013,R06909,CTTU 5957,AV CONSELHEIRO AGUIAR,-,-8.1280257,-34.9002668,2,60,18000,dez/20,2020-11-30,12:47:00,COM VÍTIMA,FINALIZADA,PINA,AV CONSELHEIRO AGUIAR,,RUA ONDINA,EM FRENTE A VIA CAR,PINA,,CIDADE,ABALROAMENTO LONGITUDINAL,CARRO X MOTO,1.0,1.0,,,,,,,,1.0,,Cruzamento,Bom,Não existe,Incompleta,Seca,Perfeito estado,Não existe,R-6a,,Única,Faixa seccionada,,
20,FIXO,Portaria 86/2013,R06909,CTTU 5957,AV CONSELHEIRO AGUIAR,-,-8.1280257,-34.9002668,2,60,18000,dez/20,2020-12-09,09:18:00,COM VÍTIMA,FINALIZADA,BOA VIAGEM,AV CONSELHEIRO AGUIAR,1540,RUA ARTUR MUNIZ,EM FRENTE  AO POSTO DE GASOLINA BR,BOA VIAGEM,5.0,,ABALROAMENTO LONGITUDINAL,COLISÃO COM VITIMA A ESPERA DO SAMU,1.0,1.0,,,,,,,,1.0,,Cruzamento,Chuvoso,Sem defeito,Perfeito estado,Molhada,Perfeito estado,Faixa de pedestre,Outras,,Única,Faixa seccionada,,
20,FIXO,Portaria 86/2013,R06909,CTTU 5957,AV CONSELHEIRO AGUIAR,-,-8.1280257,-34.9002668,2,60,18000,dez/20,2020-12-09,10:03:00,COM VÍTIMA,FINALIZADA,BOA VIAGEM,AV CONSELHEIRO AGUIAR,2088,,AO LADO DA CAIXA ECONOMICA FEDERAL E LOJA NOVO PROJETO.,BOA VIAGEM,,SUBURBIO,ABALROAMENTO LONGITUDINAL,COLISÃO COM VITIMA BT AGUIAR LUCAS RAMOS QTH,1.0,1.0,,,,,,,,1.0,,Longo da via,Chuvoso,Não existe,Perfeito estado,Molhada,Perfeito estado,Não existe,Não há placas,,Única,Faixa seccionada,,
20,FIXO,Portaria 86/2013,R06909,CTTU 5957,AV CONSELHEIRO AGUIAR,-,-8.1280257,-34.9002668,2,60,18000,dez/20,2020-12-22,16:08:00,COM VÍTIMA,FINALIZADA,BOA VIAGEM,AV CONSELHEIRO AGUIAR,3384,,EM FRENTE AO ED. TROPICAL / APOS A CAIXA ECONIMICA,BOA VIAGEM,,SUBURBIO,ATROPELAMENTO,ONIBUS ATROPELOU PEDESTRE,,,,,1.0,1.0,,,,1.0,,Longo da via,Bom,Sem defeito,Perfeito estado,Seca,Perfeito estado,Não existe,Não há placas,,Única,Não existe,,
20,FIXO,Portaria 86/2013,R06909,CTTU 5957,AV CONSELHEIRO AGUIAR,-,-8.1280257,-34.9002668,2,60,18000,dez/20,2020-12-27,00:53:00,SEM VÍTIMA,FINALIZADA,BOA VIAGEM,AV CONSELHEIRO AGUIAR,635,,,BOA VIAGEM,,,COLISÃO,USUARIO INFORMA QUE A OCORRENCIA FOI SEM VÍTIMA E QUE O CONDUTOR DE UM DOS VEÍCULOS SE EVADIU ABANDONANDO O VEÍCULO NA VIA . POR ESSE MOTIVO ENVIAMOS UMA VT PRA VERIFICAR ESSA SITUAÇÃO . O CONDUTOR QUE FICOU NO LOCAL FOI ORIENTADO A PRESTAR UMA QUEIXA E GERAR ESSA OCORRENCIA PELO BATE-PRONTO.,2.0,,,,,,,1.0,,0.0,,,,,,,,,,,,,,
21,FIXO,Portaria 86/2013,R06920,CTTU 5955,RUA ARQUITETO LUIZ NUNES,SUBÚRBIO,-8.0874203,-34.9099345,2,40,11200,dez/20,2020-01-04,15:12:00,COM VÍTIMA,FINALIZADA,IMBIRIBEIRA,RUA ARQUITETO LUIZ NUNES,822,,EM FRENTE AO RESIDENCIAL PINHEIROS,IMBIRIBEIRA,,,ABALROAMENTO TRANSVERSAL,COLISÃO COM VITIMA ENTRE AUTO E MOTO.,1.0,1.0,,,,,,,,1.0,,Longo da via,Bom,Não existe,Perfeito estado,Seca,Perfeito estado,Não existe,Não há placas,40 km/h,Dupla,Faixa contínua,,
21,FIXO,Portaria 86/2013,R06920,CTTU 5955,RUA ARQUITETO LUIZ NUNES,SUBÚRBIO,-8.0874203,-34.9099345,2,40,11200,dez/20,2020-01-06,13:14:00,COM VÍTIMA,FINALIZADA,IMBIRIBEIRA,RUA ARQUITETO LUIZ NUNES,1650,,AO LADO DA DROGASIL,IMBIRIBEIRA,,SUBURBIO,ABALROAMENTO LONGITUDINAL,COLISAO COM VITIMA ENTRE VEICULO E MOTO,1.0,1.0,,,,,,,,1.0,,Longo da via,Bom,Não existe,Ilegível,Seca,Mal iluminada,Não existe,Outras,,Dupla,Faixa seccionada,,
21,FIXO,Portaria 86/2013,R06920,CTTU 5955,RUA ARQUITETO LUIZ NUNES,SUBÚRBIO,-8.0874203,-34.9099345,2,40,11200,dez/20,2020-01-15,18:58:00,SEM VÍTIMA,FINALIZADA,IMBIRIBEIRA,RUA ARQUITETO LUIZ NUNES,873,,,IMBIRIBEIRA,,SUBURBIO,ABALROAMENTO LONGITUDINAL,MOTO X COROLA,1.0,1.0,,,,,,,,0.0,,Longo da via,Bom,Não existe,Perfeito estado,Seca,Perfeito estado,Não existe,Não há placas,40 km/h,Dupla,Faixa contínua,,
21,FIXO,Portaria 86/2013,R06920,CTTU 5955,RUA ARQUITETO LUIZ NUNES,SUBÚRBIO,-8.0874203,-34.9099345,2,40,11200,dez/20,2020-02-06,08:31:00,SEM VÍTIMA,FINALIZADA,IMBIRIBEIRA,RUA ARQUITETO LUIZ NUNES,245,AV ENGENHEIRO ALVES DE SOUZA,FARMÁCIA DROGASIL,IMBIRIBEIRA,634.0,SUBURBIO,COLISÃO FRONTAL,MOTO E AUTO,1.0,1.0,,,,,,,,0.0,,Longo da via,Bom,Sem defeito,Perfeito estado,Seca,Perfeito estado,Agente,Não há placas,40 km/h,Dupla,Faixa contínua,,
21,FIXO,Portaria 86/2013,R06920,CTTU 5955,RUA ARQUITETO LUIZ NUNES,SUBÚRBIO,-8.0874203,-34.9099345,2,40,11200,dez/20,2020-02-20,13:48:00,SEM VÍTIMA,FINALIZADA,IMBIRIBEIRA,RUA ARQUITETO LUIZ NUNES,172,RUA DEOLINDO TAVARES,PROX A ESCOLA DE ENFERMAGEM SAO CAETANO,IMBIRIBEIRA,,SUBURBIO,COLISÃO,COLISAO ENTRE AUTO E AMBULANCIA,1.0,,,,,,,,1.0,0.0,,Cruzamento,Chuvoso,Não existe,Perfeito estado,Molhada,Perfeito estado,Não existe,R-6a,40 km/h,Única,Faixa seccionada,,
21,FIXO,Portaria 86/2013,R06920,CTTU 5955,RUA ARQUITETO LUIZ NUNES,SUBÚRBIO,-8.0874203,-34.9099345,2,40,11200,dez/20,2020-03-05,05:51:00,SEM VÍTIMA,FINALIZADA,IMBIRIBEIRA,RUA ARQUITETO LUIZ NUNES,217,RUA JULIO VERNE,APÓS A PONTE GILBERTO FREYRE,IMBIRIBEIRA,,SUBURBIO,COLISÃO TRASEIRA,COLISÃO ENTRE DOIS AUTOS- S/V,2.0,,,,,,,,,0.0,,,Bom,Não existe,Incompleta,Seca,Perfeito estado,Não existe,Outras,40 km/h,Única,Faixa seccionada,,
21,FIXO,Portaria 86/2013,R06920,CTTU 5955,RUA ARQUITETO LUIZ NUNES,SUBÚRBIO,-8.0874203,-34.9099345,2,40,11200,dez/20,2020-07-05,05:36:00,SEM VÍTIMA,FINALIZADA,IMBIRIBEIRA,RUA ARQUITETO LUIZ NUNES,277,,,IMBIRIBEIRA,,SUBURBIO,CHOQUE VEÍCULO PARADO,COLISÃO ENTRE 2 AUTOS. UM DOS CONDUTORES APRESENTA SINAIS DE EMBRIAGUEZ. S/V,2.0,,,,,,,,,0.0,,Longo da via,Bom,Não existe,Perfeito estado,Seca,Perfeito estado,Não existe,,40 km/h,Dupla,Faixa contínua,,
21,FIXO,Portaria 86/2013,R06920,CTTU 5955,RUA ARQUITETO LUIZ NUNES,SUBÚRBIO,-8.0874203,-34.9099345,2,40,11200,dez/20,2020-07-13,17:30:00,SEM VÍTIMA,FINALIZADA,IMBIRIBEIRA,RUA ARQUITETO LUIZ NUNES,,,DESCIDA DA PONTE MOTOCOLOMBO,IMBIRIBEIRA,,SUBURBIO,COLISÃO,COLISAO ENTRE 2 AUTOS AGENTE GUILHERME MOTA NO LOCAL,2.0,,,,,,,,,0.0,,Longo da via,Chuvoso,Não existe,Perfeito estado,Molhada,Perfeito estado,Não existe,R-6a,40 km/h,Única,Faixa seccionada,,
21,FIXO,Portaria 86/2013,R06920,CTTU 5955,RUA ARQUITETO LUIZ NUNES,SUBÚRBIO,-8.0874203,-34.9099345,2,40,11200,dez/20,2020-07-18,23:17:00,COM VÍTIMA,FINALIZADA,IMBIRIBEIRA,RUA ARQUITETO LUIZ NUNES,1900,,POR TRAS DO AÇAI DA IMBIRIBEIRA. FARMÁCIA DROGASIL.,IMBIRIBEIRA,,SUBURBIO,ABALROAMENTO LONGITUDINAL,FIAT UNO X MOTO OBS : VEICULO CAPOTADO NO MEIO DA VIA SUSPEITA DE EMBRIAGUEZ,1.0,1.0,,,,,,,,2.0,,Longo da via,Bom,Não existe,Incompleta,Seca,Mal iluminada,Não existe,Outras,,Dupla,Faixa contínua,,
21,FIXO,Portaria 86/2013,R06920,CTTU 5955,RUA ARQUITETO LUIZ NUNES,SUBÚRBIO,-8.0874203,-34.9099345,2,40,11200,dez/20,2020-08-22,08:19:00,COM VÍTIMA,FINALIZADA,IMBIRIBEIRA,RUA ARQUITETO LUIZ NUNES,1113,,EM FRENTE A IGREJA DOS MORMOS / PROX AO RESIDENCIAL PINHEIROS,IMBIRIBEIRA,,CIDADE,ABALROAMENTO TRANSVERSAL,AUTO E MOTO,1.0,1.0,,,,,,,,1.0,,Longo da via,Bom,Sem defeito,Perfeito estado,Seca,Perfeito estado,Não existe,Outras,,Dupla,Faixa contínua,,
22,FIXO,Portaria 86/2013,R06923,CTTU 5956,RUA PARIS,DOIS SENTIDOS,-8.1031397,-34.9131661,2,40,14200,dez/20,2020-10-04,21:17:00,COM VÍTIMA,FINALIZADA,BOA VIAGEM,RUA PARIS,630B,,PRÓX A FACULDADE BV,BOA VIAGEM,,CIDADE,ABALROAMENTO LONGITUDINAL,MOTO X AUTO. C/V,1.0,1.0,,,,,,,,1.0,,Longo da via,Bom,Sem defeito,Ilegível,Seca,Mal iluminada,Não existe,Não há placas,,Dupla,Faixa contínua,,
23,FIXO,Portaria 86/2013,R06915,CTTU 5958,AV RUI BARBOSA,-,-8.0411938,-34.9033352,2,40 e 60,19200,dez/20,2020-01-07,08:11:00,SEM VÍTIMA,FINALIZADA,GRAÇAS,AV RUI BARBOSA,870,,EM FRENTE AO Nº 870,GRAÇAS,48.0,CIDADE,COLISÃO TRASEIRA,DOIS AUTOS PONTO FIXO GM PARAISO E LUCAS,2.0,,,,,,,,,0.0,,Longo da via,Bom,Sem defeito,Perfeito estado,Seca,Perfeito estado,Agente,Outras,,Única,Faixa seccionada,,
23,FIXO,Portaria 86/2013,R06915,CTTU 5958,AV RUI BARBOSA,-,-8.0411938,-34.9033352,2,40 e 60,19200,dez/20,2020-01-07,14:40:00,SEM VÍTIMA,FINALIZADA,DERBY,AV RUI BARBOSA,,AV GOVERNADOR AGAMENON MAGALHAES,,DERBY,37.0,CIDADE,ABALROAMENTO LONGITUDINAL,COLISÃO S/VITIMAS ENTRE DOIS AUTOS (GM VIEIRA NUNES E WILAMS OLIVEIRA NO QTH),2.0,,,,,,,,,0.0,,Cruzamento,Bom,Sem defeito,Perfeito estado,Seca,Perfeito estado,,Outras,40 km/h,Única,Faixa contínua,,
23,FIXO,Portaria 86/2013,R06915,CTTU 5958,AV RUI BARBOSA,-,-8.0411938,-34.9033352,2,40 e 60,19200,dez/20,2020-01-13,16:29:00,SEM VÍTIMA,FINALIZADA,JAQUEIRA,AV RUI BARBOSA,1601,,EM FRENTE AO CURSO DE INGLÊS RED BALLOON,JAQUEIRA,,CIDADE,COLISÃO TRASEIRA,COLISÃO SEM VITIMA,3.0,,,,,,,,,0.0,,Longo da via,Bom,Não existe,Perfeito estado,Seca,Perfeito estado,Não existe,Não há placas,60 km/h,Única,Faixa contínua,,
23,FIXO,Portaria 86/2013,R06915,CTTU 5958,AV RUI BARBOSA,-,-8.0411938,-34.9033352,2,40 e 60,19200,dez/20,2020-01-15,11:44:00,SEM VÍTIMA,CANCELADA,AFLITOS,AV RUI BARBOSA,1541,,EM FRENTE AO COLEGIO DAMAS,AFLITOS,,,COLISÃO,COLISAO S/ VITIMA.ENTRE DOIS VEICULOS,2.0,,,,,,,,,0.0,,,,,,,,,,,,,,
23,FIXO,Portaria 86/2013,R06915,CTTU 5958,AV RUI BARBOSA,-,-8.0411938,-34.9033352,2,40 e 60,19200,dez/20,2020-01-15,16:20:00,SEM VÍTIMA,FINALIZADA,GRAÇAS,AV RUI BARBOSA,370,,,GRAÇAS,,CIDADE,COLISÃO TRASEIRA,COLISÃO SEM VÍTIMA,1.0,,,,,,,,,0.0,,Longo da via,Bom,Não existe,Perfeito estado,Seca,Perfeito estado,Não existe,R-6a,,Única,Faixa seccionada,,
23,FIXO,Portaria 86/2013,R06915,CTTU 5958,AV RUI BARBOSA,-,-8.0411938,-34.9033352,2,40 e 60,19200,dez/20,2020-01-29,10:05:00,SEM VÍTIMA,FINALIZADA,GRAÇAS,AV RUI BARBOSA,320,,EM FRENTE AO TRIBUNAL REGIONAL ELEITORAL ( ANEXO DJACI FALCÃO ),GRAÇAS,,CIDADE,COLISÃO TRASEIRA,SEM VITIMAS /SUB INSP LUCIO NO LOCAL FAZENDO B.O VT 04,2.0,,,,,,,,,0.0,,Longo da via,Bom,Sem defeito,Perfeito estado,Seca,Perfeito estado,Não existe,Não há placas,60 km/h,Única,Faixa seccionada,,
23,FIXO,Portaria 86/2013,R06915,CTTU 5958,AV RUI BARBOSA,-,-8.0411938,-34.9033352,2,40 e 60,19200,dez/20,2020-01-31,20:20:00,SEM VÍTIMA,CANCELADA,GRAÇAS,AV RUI BARBOSA,965,RUA ALBERTO PAIVA,E/F A PEDRAGON / SEMÁFORO 305,GRAÇAS,,,COLISÃO,,1.0,1.0,,,,,,,,0.0,,,,,,,,,,,,,,
23,FIXO,Portaria 86/2013,R06915,CTTU 5958,AV RUI BARBOSA,-,-8.0411938,-34.9033352,2,40 e 60,19200,dez/20,2020-02-04,11:33:00,SEM VÍTIMA,FINALIZADA,GRAÇAS,AV RUI BARBOSA,1599,,MEMORIAL DA UPE,GRAÇAS,37.0,CIDADE,COLISÃO TRASEIRA,TRES AUTOS / GM SILVIO E ERLY P.O NO QTH,3.0,,,,,,,,,0.0,,Longo da via,Bom,Sem defeito,Perfeito estado,Seca,Perfeito estado,Faixa de pedestre,R-6a,,Única,Faixa seccionada,,
23,FIXO,Portaria 86/2013,R06915,CTTU 5958,AV RUI BARBOSA,-,-8.0411938,-34.9033352,2,40 e 60,19200,dez/20,2020-02-11,11:27:00,SEM VÍTIMA,FINALIZADA,GRAÇAS,AV RUI BARBOSA,141 C,,E/F A PRAÇA DO ENTRONCAMENTO,GRAÇAS,,CIDADE,COLISÃO,COLISÃO S/VITIMAS ENTRE DOIS AUTOS (PONTO FIXO POLIANA ÁTICO NO QTH),2.0,,,,,,,,,0.0,,Longo da via,Bom,Não existe,Perfeito estado,Seca,Perfeito estado,Não existe,Outras,60 km/h,Única,Faixa seccionada,,
23,FIXO,Portaria 86/2013,R06915,CTTU 5958,AV RUI BARBOSA,-,-8.0411938,-34.9033352,2,40 e 60,19200,dez/20,2020-02-11,23:52:00,SEM VÍTIMA,FINALIZADA,GRAÇAS,AV RUI BARBOSA,185,RUA DAS CREOULAS,NAS PROXIMIDADES DO CLUBE PORTUGUÊS,GRAÇAS,102.0,CIDADE,COLISÃO,ENTRE 2 AUTOS. S/V,2.0,,,,,,,,,0.0,,Cruzamento,Bom,Sem defeito,Ilegível,Seca,Mal iluminada,Faixa de pedestre,Não há placas,,Única,Faixa seccionada,,
23,FIXO,Portaria 86/2013,R06915,CTTU 5958,AV RUI BARBOSA,-,-8.0411938,-34.9033352,2,40 e 60,19200,dez/20,2020-02-12,11:16:00,SEM VÍTIMA,CANCELADA,GRAÇAS,AV RUI BARBOSA,251,,EM FRENTE AO ESTACIONAMENTO DO BANCO ITAU,GRAÇAS,,,COLISÃO,DOIS AUTOS,2.0,,,,,,,,,0.0,,,,,,,,,,,,,,
23,FIXO,Portaria 86/2013,R06915,CTTU 5958,AV RUI BARBOSA,-,-8.0411938,-34.9033352,2,40 e 60,19200,dez/20,2020-02-14,11:39:00,SEM VÍTIMA,FINALIZADA,GRAÇAS,AV RUI BARBOSA,199,,E/F A CLÍNICA EQUILIBRIUM,GRAÇAS,,,COLISÃO,COLISÃO S/VITIMAS ENTRE DOIS AUTOS,2.0,,,,,,,,,0.0,,Cruzamento,Bom,Sem defeito,Perfeito estado,Seca,Perfeito estado,Faixa de pedestre,Outras,60 km/h,Única,Faixa seccionada,,
23,FIXO,Portaria 86/2013,R06915,CTTU 5958,AV RUI BARBOSA,-,-8.0411938,-34.9033352,2,40 e 60,19200,dez/20,2020-02-17,09:27:00,SEM VÍTIMA,FINALIZADA,GRAÇAS,AV RUI BARBOSA,218,,EM FRENTE AO BANCO ITAU,GRAÇAS,102.0,CIDADE,COLISÃO,DOIS AUTOS,2.0,,,,,,,,,0.0,,Longo da via,Bom,Sem defeito,Perfeito estado,Seca,Perfeito estado,Faixa de pedestre,Outras,60 km/h,Única,Faixa contínua,,
23,FIXO,Portaria 86/2013,R06915,CTTU 5958,AV RUI BARBOSA,-,-8.0411938,-34.9033352,2,40 e 60,19200,dez/20,2020-02-21,18:58:00,SEM VÍTIMA,FINALIZADA,GRAÇAS,AV RUI BARBOSA,,RUA BRUNO MAIA,FARMACIA DROGASIL,GRAÇAS,,CIDADE,ABALROAMENTO LONGITUDINAL,HB 20 X PRISMA,2.0,,,,,,,,,0.0,,Longo da via,Bom,Sem defeito,Perfeito estado,Seca,Perfeito estado,Não existe,Outras,,Única,Faixa seccionada,,
23,FIXO,Portaria 86/2013,R06915,CTTU 5958,AV RUI BARBOSA,-,-8.0411938,-34.9033352,2,40 e 60,19200,dez/20,2020-02-27,05:32:00,SEM VÍTIMA,FINALIZADA,GRAÇAS,AV RUI BARBOSA,735,RUA TENENTE ANTONIO JOAO,FRENTE AO COLÉGIO AGNES,GRAÇAS,,SUBURBIO,CHOQUE OBJETO FIXO,,1.0,,,,,,,,,0.0,,Longo da via,Chuvoso,Não existe,Perfeito estado,Molhada,Perfeito estado,,R-6a,,Única,Faixa seccionada,,
23,FIXO,Portaria 86/2013,R06915,CTTU 5958,AV RUI BARBOSA,-,-8.0411938,-34.9033352,2,40 e 60,19200,dez/20,2020-02-27,08:48:00,SEM VÍTIMA,FINALIZADA,GRAÇAS,AV RUI BARBOSA,218,,EM FRENTE AO Nº 218,GRAÇAS,102.0,CIDADE,COLISÃO TRASEIRA,DOIS AUTOS   PONTO FIXO GM POLIANA,2.0,,,,,,,,,0.0,,Longo da via,Bom,Sem defeito,Perfeito estado,Seca,Perfeito estado,Faixa de pedestre,Outras,60 km/h,Única,Faixa contínua,,