_id,tipo_equipamento,registro_inmetro,numero_serie_fabricante,identificacao_equipamento,local_instalacao,sentido_fiscalizacao,latitude,longitude,faixas_fiscalizadas,velocidade_fiscalizada,vmd,periodo_vmd,data,hora,natureza_acidente,situacao,bairro,endereco,numero,detalhe_endereco_acidente,complemento,bairro_cruzamento,num_semaforo,sentido_via,tipo,descricao,auto,moto,ciclom,ciclista,pedestre,onibus,caminhao,viatura,outros,vitimas,vitimasfatais,acidente_verificado,tempo_clima,situacao_semaforo,sinalizacao,condicao_via,conservacao_via,ponto_controle,situacao_placa,velocidade_max_via,mao_direcao,divisao_via1,divisao_via2,divisao_via3
23,FIXO,Portaria 86/2013,R06915,CTTU 5958,AV RUI BARBOSA,-,-8.0411938,-34.9033352,2,40 e 60,19200,dez/20,2020-03-02,08:31:00,SEM VÍTIMA,FINALIZADA,GRAÇAS,AV RUI BARBOSA,1599,,EM FRENTE AO Nº 1599,GRAÇAS,37.0,CIDADE,ABALROAMENTO LONGITUDINAL,COLISAO SEM VITIMAS GM SADRAQUE NO QTH,1.0,,,,,,1.0,,,0.0,,Longo da via,Bom,Sem defeito,Perfeito estado,Seca,Perfeito estado,Agente,Outras,60 km/h,Única,Faixa seccionada,,
23,FIXO,Portaria 86/2013,R06915,CTTU 5958,AV RUI BARBOSA,-,-8.0411938,-34.9033352,2,40 e 60,19200,dez/20,2020-03-02,09:54:00,SEM VÍTIMA,FINALIZADA,GRAÇAS,AV RUI BARBOSA,,RUA AMELIA,SOB O SEMÁFORO Nº 048,GRAÇAS,48.0,CIDADE,ABALROAMENTO LONGITUDINAL,,,,,,,1.0,,,,0.0,,Cruzamento,Bom,Sem defeito,Perfeito estado,Seca,Perfeito estado,Agente,,,Única,Faixa contínua,,
23,FIXO,Portaria 86/2013,R06915,CTTU 5958,AV RUI BARBOSA,-,-8.0411938,-34.9033352,2,40 e 60,19200,dez/20,2020-03-08,00:53:00,SEM VÍTIMA,FINALIZADA,GRAÇAS,AV RUI BARBOSA,,RUA TENENTE ANTONIO JOAO,EM FRENTE AO COLÉGIO AGNES,GRAÇAS,,CIDADE,CHOQUE OBJETO FIXO,VEÍCULO CHOCOU-SE CONTRA UM POSTE.,1.0,,,,,,,,,0.0,,Longo da via,Bom,Não existe,Perfeito estado,Seca,Perfeito estado,Não existe,Não há placas,,Única,Não existe,,
23,FIXO,Portaria 86/2013,R06915,CTTU 5958,AV RUI BARBOSA,-,-8.0411938,-34.9033352,2,40 e 60,19200,dez/20,2020-03-12,14:31:00,SEM VÍTIMA,FINALIZADA,GRAÇAS,AV RUI BARBOSA,1541,,EM FRENTE AO Nº 1541,GRAÇAS,,CIDADE,ABALROAMENTO LONGITUDINAL,COLISAO ENTRE AUTOS E MOTO S/V,1.0,1.0,,,,,,,,0.0,,Longo da via,Bom,Não existe,Perfeito estado,Seca,Perfeito estado,Não existe,Outras,,Única,Faixa seccionada,,
23,FIXO,Portaria 86/2013,R06915,CTTU 5958,AV RUI BARBOSA,-,-8.0411938,-34.9033352,2,40 e 60,19200,dez/20,2020-03-16,15:03:00,SEM VÍTIMA,CANCELADA,GRAÇAS,AV RUI BARBOSA,287,,AO LADO DO BANCO ITAU// EM FRENTE AO TRIBUNAL REGINAL ELEITORAL,GRAÇAS,,,COLISÃO,COLISAO S/ VITIMA ENTRE ONIBUS E TRICICULO,2.0,,,,,,,,,0.0,,,,,,,,,,,,,,
23,FIXO,Portaria 86/2013,R06915,CTTU 5958,AV RUI BARBOSA,-,-8.0411938,-34.9033352,2,40 e 60,19200,dez/20,2020-04-19,08:08:00,COM VÍTIMA,FINALIZADA,GRAÇAS,AV RUI BARBOSA,715,,EM FRENTE AO COLEGIO AGNES E PRÓXIMO A FARMÁCIA DROGASIL.,GRAÇAS,562.0,CIDADE,COLISÃO TRASEIRA,MOTO E AUTO / VT 18 NO QTH,1.0,1.0,,,,,,,,1.0,,Longo da via,Chuvoso,Sem defeito,Perfeito estado,Molhada,Perfeito estado,Faixa de pedestre,Outras,,Única,,,
23,FIXO,Portaria 86/2013,R06915,CTTU 5958,AV RUI BARBOSA,-,-8.0411938,-34.9033352,2,40 e 60,19200,dez/20,2020-04-23,05:04:00,SEM VÍTIMA,FINALIZADA,GRAÇAS,AV RUI BARBOSA,,,EM FRENTE DO MUSEU DO ESTADO,GRAÇAS,,CIDADE,CHOQUE OBJETO FIXO,O USUÁRIO INFORMA QUE AO PASSAR NO LOCAL VISUALIZOU O CHOQUE DO VEÍCULO NO MURO DO MUSEU DO ESTADO. VEÍCULO ESTAVA ABANDONADO. NÃO SABE INFORMAR SE HOUVE VÍTIMA.,1.0,,,,,,,,,0.0,,Longo da via,Chuvoso,,,Seca,Perfeito estado,,,60 km/h,Única,,,
23,FIXO,Portaria 86/2013,R06915,CTTU 5958,AV RUI BARBOSA,-,-8.0411938,-34.9033352,2,40 e 60,19200,dez/20,2020-06-10,18:22:00,COM VÍTIMA,FINALIZADA,GRAÇAS,AV RUI BARBOSA,,RUA AMELIA,POSTO SHELL,GRAÇAS,48.0,CIDADE,ABALROAMENTO TRANSVERSAL,COLISÃO COM VITIMA- GGOF NO LOCAL,1.0,1.0,,,,,,,,1.0,,Cruzamento,Bom,Sem defeito,Perfeito estado,Seca,Perfeito estado,Faixa de pedestre,Outras,,Única,,,
23,FIXO,Portaria 86/2013,R06915,CTTU 5958,AV RUI BARBOSA,-,-8.0411938,-34.9033352,2,40 e 60,19200,dez/20,2020-07-07,11:11:00,SEM VÍTIMA,FINALIZADA,PARNAMIRIM,AV RUI BARBOSA,,RUA LEONARDO BEZERRA CAVALCANTE,,PARNAMIRIM,460.0,CIDADE,ABALROAMENTO TRANSVERSAL,COLISÃO CARRO X CARRO AGENTE NO LOCAL SUB.CETOR LUCIANO VT013,2.0,,,,,,,,,0.0,,Cruzamento,Bom,Com defeito,Perfeito estado,Seca,Perfeito estado,Faixa de pedestre,R-6a,,Única,Faixa contínua,,
23,FIXO,Portaria 86/2013,R06915,CTTU 5958,AV RUI BARBOSA,-,-8.0411938,-34.9033352,2,40 e 60,19200,dez/20,2020-07-13,09:37:00,COM VÍTIMA,FINALIZADA,JAQUEIRA,AV RUI BARBOSA,,RUA DEPUTADO PEDRO PIRES FERREIRA,PRÓXIMO AO PARQUE DA JAQUEIRA,JAQUEIRA,,SUBURBIO,ABALROAMENTO TRANSVERSAL,ENTRE AUTO E MOTO COM DUAS VITIMAS-SAMU NO LOCAL/CTTU VT07 INSP SILVAN/ INSP THOMÁS JEFERSOM,1.0,1.0,,,,,,,,1.0,,Longo da via,Bom,Não existe,Perfeito estado,Seca,Perfeito estado,,Outras,,Única,Faixa contínua,,
23,FIXO,Portaria 86/2013,R06915,CTTU 5958,AV RUI BARBOSA,-,-8.0411938,-34.9033352,2,40 e 60,19200,dez/20,2020-09-09,18:42:00,COM VÍTIMA,FINALIZADA,JAQUEIRA,AV RUI BARBOSA,,RUA MUNIZ TAVARES,EM FRENTE AO HOSPITAL MARIA LUCINDA,JAQUEIRA,460.0,CIDADE,ABALROAMENTO LONGITUDINAL,COLISÃO ENTRE AUTO E MOTO- C/V,1.0,1.0,,,,,,,,1.0,,Cruzamento,Bom,Sem defeito,Perfeito estado,Seca,Perfeito estado,Faixa de pedestre,Outras,,Dupla,Faixa contínua,,
23,FIXO,Portaria 86/2013,R06915,CTTU 5958,AV RUI BARBOSA,-,-8.0411938,-34.9033352,2,40 e 60,19200,dez/20,2020-10-22,07:01:00,COM VÍTIMA,FINALIZADA,GRAÇAS,AV RUI BARBOSA,1104,,EM FRENTE AO COLEGIO MARISTA SÃO LUIZ.,GRAÇAS,,CIDADE,ABALROAMENTO LONGITUDINAL,COLISÃO COM VITIMA,,1.0,,,,1.0,,,,1.0,,Longo da via,Chuvoso,Não existe,Perfeito estado,Seca,Perfeito estado,Não existe,R-6a,,Única,Faixa seccionada,,
23,FIXO,Portaria 86/2013,R06915,CTTU 5958,AV RUI BARBOSA,-,-8.0411938,-34.9033352,2,40 e 60,19200,dez/20,2020-11-16,16:24:00,VÍTIMA FATAL,FINALIZADA,GRAÇAS,AV RUI BARBOSA,,RUA AMELIA,SOB O SEMÁFORO DE Nº 048,GRAÇAS,48.0,CIDADE,ABALROAMENTO TRANSVERSAL,AMBULÂNCIA E MOTOCICLETA. APÓS A COLISÃO- UMA MOTOCICLETA QUE ESTAVA ESTACIONADA NAS PROXIMIDADES TAMBÉM FOI ATINGIDA.,1.0,2.0,,,,,,,,1.0,1.0,Cruzamento,Bom,Sem defeito,Perfeito estado,Seca,Perfeito estado,Faixa de pedestre,,60 km/h,Única,,,
24,FIXO,Portaria 86/2013,R06918,CTTU 5967,AV SATURNINO DE BRITO,-,-8.0795892,-34.8927619,2,60,15000,dez/20,2020-01-22,16:08:00,COM VÍTIMA,FINALIZADA,CABANGA,AV SATURNINO DE BRITO,,,AO LADO DA COMPESA. NA SUBIDA DO VIADUTO DO PINA.,CABANGA,,SUBURBIO,COLISÃO TRASEIRA,AUTO E MOTO COM VÍTIMA,1.0,1.0,,,,,,,,1.0,,Longo da via,Bom,Não existe,Perfeito estado,Seca,Perfeito estado,,Não há placas,30 km/h,Única,Faixa contínua,,
24,FIXO,Portaria 86/2013,R06918,CTTU 5967,AV SATURNINO DE BRITO,-,-8.0795892,-34.8927619,2,60,15000,dez/20,2020-02-20,10:44:00,SEM VÍTIMA,FINALIZADA,CABANGA,AV SATURNINO DE BRITO,472,,E/F A COMPESA,CABANGA,661.0,,COLISÃO,COLISÃO S/VITIMAS ENTRE UM CAMINHÃO E UM AUTO,1.0,,,,,,1.0,,,0.0,,Longo da via,Bom,Não existe,Perfeito estado,Seca,Perfeito estado,Não existe,Não há placas,40 km/h,Única,Não existe,,
24,FIXO,Portaria 86/2013,R06918,CTTU 5967,AV SATURNINO DE BRITO,-,-8.0795892,-34.8927619,2,60,15000,dez/20,2020-03-10,09:16:00,SEM VÍTIMA,FINALIZADA,CABANGA,AV SATURNINO DE BRITO,472,,E/F A ESTAÇÃO DA COMPESA,CABANGA,,,COLISÃO,COLISÃO S/VITIMAS ENTRE DOIS AUTOS,2.0,,,,,,,,,0.0,,,,,,,,,,,,,,
31,FIXO,Portaria 19/2018,R07101,CTTU 5971,AV BEBERIBE,CENTRO,-8.0117133,-34.889407,2,50,24100,dez/20,2020-01-02,16:07:00,COM VÍTIMA,FINALIZADA,FUNDÃO,AV BEBERIBE,2697,RUA CORONEL URBANO RIBEIRO DE SENA,NA ENTRADA DA BARRIGUDA NO SEMAFORO 307,FUNDÃO,307.0,SUBURBIO,ABALROAMENTO TRANSVERSAL,AUTO E MOTO.,1.0,1.0,,,,,,,,1.0,,Cruzamento,Bom,Sem defeito,Perfeito estado,Seca,Perfeito estado,Faixa de pedestre,Outras,,Dupla,Não existe,,
31,FIXO,Portaria 19/2018,R07101,CTTU 5971,AV BEBERIBE,CENTRO,-8.0117133,-34.889407,2,50,24100,dez/20,2020-01-03,11:41:00,SEM VÍTIMA,FINALIZADA,FUNDÃO,AV BEBERIBE,2759,RUA AURIFLAMA,VIA NET ACESSÓRIOS E MANUTENÇÃO,FUNDÃO,307.0,CIDADE,COLISÃO TRASEIRA,COLISÃO S/VITIMAS DOIS AUTOS,2.0,,,,,,,,,0.0,,Longo da via,Bom,Sem defeito,Perfeito estado,Seca,Perfeito estado,Faixa de pedestre,R-6a,50 km/h,Dupla,Blocos,,
31,FIXO,Portaria 19/2018,R07101,CTTU 5971,AV BEBERIBE,CENTRO,-8.0117133,-34.889407,2,50,24100,dez/20,2020-01-06,06:47:00,SEM VÍTIMA,FINALIZADA,ÁGUA FRIA,AV BEBERIBE,1799,RUA ZEFERINO AGRA,,ÁGUA FRIA,,CIDADE,ABALROAMENTO LONGITUDINAL,S/VITIMA,1.0,1.0,,,,,,,,0.0,,Longo da via,Bom,Não existe,Perfeito estado,Seca,Perfeito estado,Faixa de pedestre,R-6a,,Dupla,Faixa contínua,,
31,FIXO,Portaria 19/2018,R07101,CTTU 5971,AV BEBERIBE,CENTRO,-8.0117133,-34.889407,2,50,24100,dez/20,2020-01-06,18:38:00,SEM VÍTIMA,FINALIZADA,ÁGUA FRIA,AV BEBERIBE,2238,,MERCADINHO DOIS IRMÃOS / SOBERANO,ÁGUA FRIA,,SUBURBIO,ABALROAMENTO LONGITUDINAL,COLISAO SEM VITIMAS,1.0,,,,,1.0,,,,0.0,,Longo da via,Bom,Não existe,Perfeito estado,Seca,Perfeito estado,Não existe,Não há placas,,Dupla,Faixa contínua,Faixa seccionada,
31,FIXO,Portaria 19/2018,R07101,CTTU 5971,AV BEBERIBE,CENTRO,-8.0117133,-34.889407,2,50,24100,dez/20,2020-01-09,20:06:00,COM VÍTIMA,CANCELADA,ÁGUA FRIA,AV BEBERIBE,,RUA DR PEREIRA DA SILVA,E/F A CLINICA OFTALMO30,ÁGUA FRIA,,,COLISÃO,AUTO PASSEIO X MOTO COM VÍTIMA,1.0,1.0,,,,,,,,1.0,,,,,,,,,,,,,,
31,FIXO,Portaria 19/2018,R07101,CTTU 5971,AV BEBERIBE,CENTRO,-8.0117133,-34.889407,2,50,24100,dez/20,2020-01-13,15:36:00,SEM VÍTIMA,CANCELADA,ARRUDA,AV BEBERIBE,1501,,EM FRENTE A ANTIGA SÃO PAULO- E AO CANAL DA CONSTRUÇÃO,ARRUDA,,,COLISÃO,COLISÃO SEM VITIMA,1.0,1.0,,,,,,,,0.0,,,,,,,,,,,,,,
31,FIXO,Portaria 19/2018,R07101,CTTU 5971,AV BEBERIBE,CENTRO,-8.0117133,-34.889407,2,50,24100,dez/20,2020-01-18,10:18:00,COM VÍTIMA,FINALIZADA,BEBERIBE,AV BEBERIBE,1095,,EM FRENTE A FRIGO ALVES,BEBERIBE,,SUBURBIO,ATROPELAMENTO ANIMAL,AUTO X ANIMAL,,1.0,,,,,,,1.0,1.0,,Longo da via,Bom,Não existe,Perfeito estado,Seca,,Não existe,Não há placas,40 km/h,Dupla,Faixa seccionada,,
31,FIXO,Portaria 19/2018,R07101,CTTU 5971,AV BEBERIBE,CENTRO,-8.0117133,-34.889407,2,50,24100,dez/20,2020-01-18,21:26:00,SEM VÍTIMA,FINALIZADA,ÁGUA FRIA,AV BEBERIBE,,RUA DA REGENERACAO,,ÁGUA FRIA,187.0,SUBURBIO,ABALROAMENTO LONGITUDINAL,ENTRE 3 AUTOS. S/V,3.0,,,,,,,,,0.0,,Longo da via,Bom,Não existe,Ilegível,Seca,Perfeito estado,Não existe,Não há placas,,Única,Faixa seccionada,,
31,FIXO,Portaria 19/2018,R07101,CTTU 5971,AV BEBERIBE,CENTRO,-8.0117133,-34.889407,2,50,24100,dez/20,2020-01-21,12:36:00,SEM VÍTIMA,FINALIZADA,ÁGUA FRIA,AV BEBERIBE,,,EM FRENTE A LOJA MI,ÁGUA FRIA,405.0,,ABALROAMENTO LONGITUDINAL,COLISÃO SEM VÍTIMA,1.0,,,,,,1.0,,,0.0,,Longo da via,Bom,Sem defeito,Perfeito estado,Seca,Perfeito estado,Não existe,,,Única,Não existe,,
31,FIXO,Portaria 19/2018,R07101,CTTU 5971,AV BEBERIBE,CENTRO,-8.0117133,-34.889407,2,50,24100,dez/20,2020-01-22,15:41:00,SEM VÍTIMA,CANCELADA,ÁGUA FRIA,AV BEBERIBE,,RUA CORONEL URBANO RIBEIRO DE SENA,ESTAR NO CRUZAMENTO MESMO,ÁGUA FRIA,307.0,,COLISÃO,COLISAO SEM VITIMAS,1.0,,,,,1.0,,,,0.0,,,,,,,,,,,,,,
31,FIXO,Portaria 19/2018,R07101,CTTU 5971,AV BEBERIBE,CENTRO,-8.0117133,-34.889407,2,50,24100,dez/20,2020-01-23,15:54:00,COM VÍTIMA,FINALIZADA,ENCRUZILHADA,AV BEBERIBE,497,,EM FRENTE A GLAUBEMAR MECÂNICA DE AUTOS,ENCRUZILHADA,,CIDADE,COLISÃO,AUTO E MOTOCICLETA,1.0,1.0,,,,,,,,1.0,,Longo da via,Bom,Não existe,Perfeito estado,Seca,Perfeito estado,Não existe,Não há placas,,Dupla,Faixa contínua,,
31,FIXO,Portaria 19/2018,R07101,CTTU 5971,AV BEBERIBE,CENTRO,-8.0117133,-34.889407,2,50,24100,dez/20,2020-01-25,07:26:00,COM VÍTIMA,FINALIZADA,ÁGUA FRIA,AV BEBERIBE,1919,,EM FRENTE AO MERCADO DE AGUA FRIA. MAGAZINE LUIZA.,ÁGUA FRIA,,SUBURBIO,COLISÃO COM CICLISTA,ONIBUS E CICLISTA,,,,1.0,,1.0,,,,1.0,,Longo da via,Bom,Não existe,Perfeito estado,Seca,Perfeito estado,Não existe,Outras,,Dupla,Faixa contínua,,
31,FIXO,Portaria 19/2018,R07101,CTTU 5971,AV BEBERIBE,CENTRO,-8.0117133,-34.889407,2,50,24100,dez/20,2020-02-01,22:48:00,COM VÍTIMA,FINALIZADA,CAJUEIRO,AV BEBERIBE,3331,,ENF ACADEMIA DA CIDADE,CAJUEIRO,388.0,SUBURBIO,ABALROAMENTO TRANSVERSAL,DUAS MOTOS,,2.0,,,,,,,,1.0,,Cruzamento,Bom,Sem defeito,Perfeito estado,Seca,Perfeito estado,Faixa de pedestre,Não há placas,,Dupla,Canteiro central,,
31,FIXO,Portaria 19/2018,R07101,CTTU 5971,AV BEBERIBE,CENTRO,-8.0117133,-34.889407,2,50,24100,dez/20,2020-02-07,17:21:00,SEM VÍTIMA,CANCELADA,ÁGUA FRIA,AV BEBERIBE,2306,,E/F AO SUPERMERCADO DOIS IRMÃOS,ÁGUA FRIA,,,COLISÃO,ENTRE DOIS AUTOS S/V,2.0,,,,,,,,,0.0,,,,,,,,,,,,,,
31,FIXO,Portaria 19/2018,R07101,CTTU 5971,AV BEBERIBE,CENTRO,-8.0117133,-34.889407,2,50,24100,dez/20,2020-02-10,08:33:00,SEM VÍTIMA,FINALIZADA,ENCRUZILHADA,AV BEBERIBE,,,LADO OPOSTO AO Nº 376 - GALERIA CAMPOS,ENCRUZILHADA,238.0,CIDADE,COLISÃO TRASEIRA,COLISAO COM VITIMA. ENTRE VEICULO E MOTO,1.0,1.0,,,,,,,,0.0,,Longo da via,Bom,Sem defeito,Perfeito estado,Seca,Perfeito estado,Faixa de pedestre,R-4a,,Dupla,Faixa seccionada,,
31,FIXO,Portaria 19/2018,R07101,CTTU 5971,AV BEBERIBE,CENTRO,-8.0117133,-34.889407,2,50,24100,dez/20,2020-02-11,10:16:00,SEM VÍTIMA,CANCELADA,ÁGUA FRIA,AV BEBERIBE,,,EM FRENTE AO MERCADINHO DOIS IRMÃOS,ÁGUA FRIA,,,COLISÃO,AUTO E MOTO,1.0,1.0,,,,,,,,0.0,,,,,,,,,,,,,,
31,FIXO,Portaria 19/2018,R07101,CTTU 5971,AV BEBERIBE,CENTRO,-8.0117133,-34.889407,2,50,24100,dez/20,2020-02-13,17:25:00,SEM VÍTIMA,FINALIZADA,ARRUDA,AV BEBERIBE,,,EM FRENTE AO ARMAZEM CORAL,ARRUDA,492.0,CIDADE,COLISÃO,COLISAO SEM VITIMAS,2.0,,,,,,,,,0.0,,Cruzamento,Bom,Sem defeito,Perfeito estado,Seca,Perfeito estado,Faixa de pedestre,Outras,40 km/h,Dupla,Faixa contínua,,
31,FIXO,Portaria 19/2018,R07101,CTTU 5971,AV BEBERIBE,CENTRO,-8.0117133,-34.889407,2,50,24100,dez/20,2020-02-14,13:13:00,SEM VÍTIMA,CANCELADA,FUNDÃO,AV BEBERIBE,3530,,NA ENTRADA DO CONJUNTO RESIDENCIAL JOAO PAULO SEGUNDO,FUNDÃO,,,COLISÃO,COLISAO ENTRE AUTO E MOTO S/V,1.0,1.0,,,,,,,,0.0,,,,,,,,,,,,,,
31,FIXO,Portaria 19/2018,R07101,CTTU 5971,AV BEBERIBE,CENTRO,-8.0117133,-34.889407,2,50,24100,dez/20,2020-02-17,17:23:00,COM VÍTIMA,FINALIZADA,ENCRUZILHADA,AV BEBERIBE,575B,,E/F A FERREIRA PINTO E ESTRELINHA KIDS.,ENCRUZILHADA,480.0,CIDADE,COLISÃO,COLISAO COM VITIMA,,1.0,,,,1.0,,,,1.0,,Longo da via,Bom,Sem defeito,Perfeito estado,Seca,Perfeito estado,,R-6a,,Dupla,Faixa contínua,Faixa seccionada,
31,FIXO,Portaria 19/2018,R07101,CTTU 5971,AV BEBERIBE,CENTRO,-8.0117133,-34.889407,2,50,24100,dez/20,2020-02-18,05:35:00,COM VÍTIMA,FINALIZADA,ARRUDA,AV BEBERIBE,,AV PROFESSOR JOSE DOS ANJOS,EM FRENTE AO POSTO BR,ARRUDA,131.0,CIDADE,ABALROAMENTO LONGITUDINAL,ABALROAMENTO SEGUIDO DE ATROPELAMENTO ENVOLVENDO ÔNIBUS- AUTO E PEDESTRE C/V,1.0,,,,1.0,1.0,,,,1.0,,Longo da via,Bom,Sem defeito,Perfeito estado,Seca,Perfeito estado,Faixa de pedestre,Não há placas,,Dupla,Faixa contínua,,
31,FIXO,Portaria 19/2018,R07101,CTTU 5971,AV BEBERIBE,CENTRO,-8.0117133,-34.889407,2,50,24100,dez/20,2020-02-21,06:55:00,SEM VÍTIMA,FINALIZADA,BEBERIBE,AV BEBERIBE,,,,BEBERIBE,153.0,SUBURBIO,ABALROAMENTO TRANSVERSAL,COLISÃO SEM VITIMAS,1.0,1.0,,,,,,,,0.0,,Longo da via,Bom,Sem defeito,Perfeito estado,Seca,Perfeito estado,Faixa de pedestre,Outras,,Dupla,Faixa seccionada,,
31,FIXO,Portaria 19/2018,R07101,CTTU 5971,AV BEBERIBE,CENTRO,-8.0117133,-34.889407,2,50,24100,dez/20,2020-02-21,21:15:00,COM VÍTIMA,FINALIZADA,ENCRUZILHADA,AV BEBERIBE,600,RUA DR EDUARDO WANDERLEY,ENF A FERREIRA PINTO,ENCRUZILHADA,,SUBURBIO,ABALROAMENTO LONGITUDINAL,DUAS MOTOS ( XRE X HONDA CB),,2.0,,,,,,,,2.0,,Esquina,Bom,Sem defeito,Perfeito estado,Seca,Perfeito estado,,Não há placas,40 km/h,Dupla,Faixa contínua,,
31,FIXO,Portaria 19/2018,R07101,CTTU 5971,AV BEBERIBE,CENTRO,-8.0117133,-34.889407,2,50,24100,dez/20,2020-02-25,16:49:00,SEM VÍTIMA,CANCELADA,ÁGUA FRIA,AV BEBERIBE,1628,,AO LADO DA IGREJA ASSEMBLEIA DE DEUS S/T SUB,ÁGUA FRIA,,,COLISÃO,COLISAO ENTRE DOIS AUTOS S/V,2.0,,,,,,,,,0.0,,,,,,,,,,,,,,
31,FIXO,Portaria 19/2018,R07101,CTTU 5971,AV BEBERIBE,CENTRO,-8.0117133,-34.889407,2,50,24100,dez/20,2020-02-26,04:03:00,COM VÍTIMA,FINALIZADA,BEBERIBE,AV BEBERIBE,111,RUA DA CORAGEM,PROX AO POSTO SHELL,BEBERIBE,186.0,CIDADE,ABALROAMENTO LONGITUDINAL,SANDERO BRANCO X MOTO,1.0,1.0,,,,,,,,1.0,,Longo da via,Bom,Sem defeito,Incompleta,Molhada,Mal conservada,Faixa de pedestre,Não há placas,,Dupla,Faixa contínua,,
31,FIXO,Portaria 19/2018,R07101,CTTU 5971,AV BEBERIBE,CENTRO,-8.0117133,-34.889407,2,50,24100,dez/20,2020-03-04,08:28:00,SEM VÍTIMA,FINALIZADA,ENCRUZILHADA,AV BEBERIBE,335,,,ENCRUZILHADA,,CIDADE,COLISÃO TRASEIRA,COLISÃO S/VITIMAS ENTRE DOIS AUTOS,2.0,,,,,,,,,0.0,,Longo da via,Bom,Sem defeito,Perfeito estado,Seca,Perfeito estado,Faixa de pedestre,Outras,40 km/h,Dupla,Faixa contínua,,
31,FIXO,Portaria 19/2018,R07101,CTTU 5971,AV BEBERIBE,CENTRO,-8.0117133,-34.889407,2,50,24100,dez/20,2020-03-06,08:53:00,COM VÍTIMA,FINALIZADA,ARRUDA,AV BEBERIBE,896,,AO LADO DO LOJAO DO PETROLEO,ARRUDA,,CIDADE,ABALROAMENTO TRANSVERSAL,COLISAO COM VITIMAS,1.0,1.0,,,,,,,,1.0,,Longo da via,Bom,Não existe,Perfeito estado,Seca,Perfeito estado,,Outras,,Dupla,Faixa seccionada,,
31,FIXO,Portaria 19/2018,R07101,CTTU 5971,AV BEBERIBE,CENTRO,-8.0117133,-34.889407,2,50,24100,dez/20,2020-03-07,11:32:00,SEM VÍTIMA,FINALIZADA,ARRUDA,AV BEBERIBE,,,EM FRENTE AO ESTÁDIO JOSÉ DO REGO MACIEL,ARRUDA,,SUBURBIO,COLISÃO TRASEIRA,ONIBUS E AUTO,1.0,,,,,1.0,,,,0.0,,Longo da via,Bom,Não existe,Perfeito estado,Seca,Perfeito estado,Não existe,Não há placas,,Dupla,Faixa contínua,,
31,FIXO,Portaria 19/2018,R07101,CTTU 5971,AV BEBERIBE,CENTRO,-8.0117133,-34.889407,2,50,24100,dez/20,2020-03-09,13:20:00,SEM VÍTIMA,FINALIZADA,ENCRUZILHADA,AV BEBERIBE,205,,AUTO ESCOLA NOVA YORK,ENCRUZILHADA,,SUBURBIO,COLISÃO TRASEIRA,COLISAO ENTRE ONIBUS E AUTOS S/V,1.0,,,,,1.0,,,,0.0,,Longo da via,Bom,Sem defeito,Perfeito estado,Seca,Perfeito estado,Faixa de retenção,Outras,,Dupla,Faixa contínua,Faixa seccionada,
31,FIXO,Portaria 19/2018,R07101,CTTU 5971,AV BEBERIBE,CENTRO,-8.0117133,-34.889407,2,50,24100,dez/20,2020-03-26,07:16:00,COM VÍTIMA,FINALIZADA,BEBERIBE,AV BEBERIBE,3710,RUA DALVA DE OLIVEIRA,EM FRENTE A PADARIA PAM RAINHA,BEBERIBE,,,ABALROAMENTO TRANSVERSAL,DUAS MOTOS E UM AUTO PASSEIO,1.0,2.0,,,,,,,,1.0,,Cruzamento,Bom,Sem defeito,Perfeito estado,Seca,Perfeito estado,Faixa de pedestre,Outras,60 km/h,Dupla,Faixa contínua,,
31,FIXO,Portaria 19/2018,R07101,CTTU 5971,AV BEBERIBE,CENTRO,-8.0117133,-34.889407,2,50,24100,dez/20,2020-05-09,11:09:00,COM VÍTIMA,FINALIZADA,FUNDÃO,AV BEBERIBE,3078,,IGREJA ASSEMBLÉIA DE DEUS.,FUNDÃO,,SUBURBIO,COLISÃO TRASEIRA,COLISÃO COM VÍTIMA ENVOLVENDO TRES VEÍCULOS,3.0,,,,,,,,,2.0,,Longo da via,Bom,Não existe,Perfeito estado,Seca,Perfeito estado,Não existe,Outras,,Dupla,Canteiro central,,
31,FIXO,Portaria 19/2018,R07101,CTTU 5971,AV BEBERIBE,CENTRO,-8.0117133,-34.889407,2,50,24100,dez/20,2020-05-13,06:23:00,COM VÍTIMA,CANCELADA,BEBERIBE,AV BEBERIBE,4011,,ANTIGA PIZZARIA DO GORDO,BEBERIBE,,SUBURBIO,COLISÃO,Carro e moto,1.0,1.0,,,,,,,,1.0,,,,,,,,,,,,,,
31,FIXO,Portaria 19/2018,R07101,CTTU 5971,AV BEBERIBE,CENTRO,-8.0117133,-34.889407,2,50,24100,dez/20,2020-06-08,12:35:00,SEM VÍTIMA,FINALIZADA,ÁGUA FRIA,AV BEBERIBE,1796,,EM FRENTE AO N 1796,ÁGUA FRIA,,CIDADE,COLISÃO,O SOLICITANTE INFORMA QUE O MOTORISTA DO VEICULO DE PLACA PCR 8252 ESTA COM SINTOMAS DE EMBRIAGUEZ,2.0,,,,,,,,,0.0,,Esquina,Bom,Não existe,Incompleta,Seca,Perfeito estado,Não existe,Outras,N/I,Dupla,Não existe,,