_id,tipo_equipamento,registro_inmetro,numero_serie_fabricante,identificacao_equipamento,local_instalacao,sentido_fiscalizacao,latitude,longitude,faixas_fiscalizadas,velocidade_fiscalizada,vmd,periodo_vmd,data,hora,natureza_acidente,situacao,bairro,endereco,numero,detalhe_endereco_acidente,complemento,bairro_cruzamento,num_semaforo,sentido_via,tipo,descricao,auto,moto,ciclom,ciclista,pedestre,onibus,caminhao,viatura,outros,vitimas,vitimasfatais,acidente_verificado,tempo_clima,situacao_semaforo,sinalizacao,condicao_via,conservacao_via,ponto_controle,situacao_placa,velocidade_max_via,mao_direcao,divisao_via1,divisao_via2,divisao_via3
46,FIXO,Portaria 066/2007,FSMTD - 0483,FS014,AV BOA VIAGEM,-,-8.0918999,-34.8820963,4,60,21500,dez/20,2020-03-09,16:13:00,SEM VÍTIMA,FINALIZADA,BOA VIAGEM,AV BOA VIAGEM,3416,,,BOA VIAGEM,,CIDADE,ABALROAMENTO LONGITUDINAL,COLISÃO SEM VÍTIMA,2.0,1.0,,,,,,,,0.0,,Longo da via,Bom,Não existe,Perfeito estado,Seca,Perfeito estado,Agente,Não há placas,60 km/h,Única,Faixa seccionada,,
46,FIXO,Portaria 066/2007,FSMTD - 0483,FS014,AV BOA VIAGEM,-,-8.0918999,-34.8820963,4,60,21500,dez/20,2020-03-10,08:05:00,SEM VÍTIMA,FINALIZADA,BOA VIAGEM,AV BOA VIAGEM,704,,,BOA VIAGEM,121.0,SUBURBIO,ABALROAMENTO LONGITUDINAL,COLISÃO S/VITIMAS ENTRE DOIS AUTOS,2.0,,,,,,,,,0.0,,Longo da via,Bom,Sem defeito,Perfeito estado,Seca,Perfeito estado,Faixa de pedestre,Não há placas,,Única,Faixa seccionada,,
46,FIXO,Portaria 066/2007,FSMTD - 0483,FS014,AV BOA VIAGEM,-,-8.0918999,-34.8820963,4,60,21500,dez/20,2020-03-13,09:08:00,SEM VÍTIMA,DUPLICIDADE,BOA VIAGEM,AV BOA VIAGEM,S/N,AV HERCULANO BANDEIRA,SEMÁFORO Nº 104,BOA VIAGEM,104.0,CIDADE,ABALROAMENTO LONGITUDINAL,COLISÃO ENTRE ONIBUS E AUTO,1.0,,,,,1.0,,,,0.0,,,,,,,,,,,,,,
46,FIXO,Portaria 066/2007,FSMTD - 0483,FS014,AV BOA VIAGEM,-,-8.0918999,-34.8820963,4,60,21500,dez/20,2020-03-15,11:25:00,SEM VÍTIMA,FINALIZADA,BOA VIAGEM,AV BOA VIAGEM,2682,RUA PROFESSOR JOSE BRANDAO,,BOA VIAGEM,,SUBURBIO,CHOQUE VEÍCULO PARADO,TRES AUTOS /  GM DOUGLAS FEZ A SITUAÇAO,3.0,,,,,,,,,0.0,,,Chuvoso,Não existe,Perfeito estado,Molhada,Perfeito estado,Faixa de pedestre,R-6a,,Única,Faixa seccionada,,
46,FIXO,Portaria 066/2007,FSMTD - 0483,FS014,AV BOA VIAGEM,-,-8.0918999,-34.8820963,4,60,21500,dez/20,2020-03-25,13:14:00,SEM VÍTIMA,FINALIZADA,BOA VIAGEM,AV BOA VIAGEM,1338,,EM FRENTE AO EDIFICIO MARIA DE LOURDES,BOA VIAGEM,,,COLISÃO,COLISÃO SEM VÍTIMA,1.0,,,,,,1.0,,,0.0,,,,,,,,,,,,,,
46,FIXO,Portaria 066/2007,FSMTD - 0483,FS014,AV BOA VIAGEM,-,-8.0918999,-34.8820963,4,60,21500,dez/20,2020-03-31,04:24:00,COM VÍTIMA,FINALIZADA,BOA VIAGEM,AV BOA VIAGEM,6636,,E/F AO EDF ALEXANDRINA - APÓS O CLUBE DE OFICIAIS DA AERONAUTICA,BOA VIAGEM,,CIDADE,CHOQUE VEÍCULO PARADO,CONDUTOR PERDEU O CONTROLE DO VEICULO E CHOCOU-SE CONTRA OUTRO VEICULO ESTACIONADO NO BORDO DA VIA - C/VITIMA SOCORRIDA PELO CBPM,2.0,,,,,,,,,1.0,,Longo da via,Chuvoso,,Perfeito estado,Molhada,Perfeito estado,Não existe,R-6b,60 km/h,Única,Faixa seccionada,,
46,FIXO,Portaria 066/2007,FSMTD - 0483,FS014,AV BOA VIAGEM,-,-8.0918999,-34.8820963,4,60,21500,dez/20,2020-04-15,02:42:00,COM VÍTIMA,FINALIZADA,BOA VIAGEM,AV BOA VIAGEM,1688,,2° JARDIM,BOA VIAGEM,,CIDADE,COLISÃO COM CICLISTA,AUTO E BICICLETA.,1.0,,,1.0,,,,,,2.0,,Longo da via,Bom,Sem defeito,Perfeito estado,Seca,Perfeito estado,,,60 km/h,Única,Faixa seccionada,,
46,FIXO,Portaria 066/2007,FSMTD - 0483,FS014,AV BOA VIAGEM,-,-8.0918999,-34.8820963,4,60,21500,dez/20,2020-04-30,06:02:00,SEM VÍTIMA,FINALIZADA,BOA VIAGEM,AV BOA VIAGEM,2234,,EM FRENTE AO EDIFICIO  VILA AZUL,BOA VIAGEM,,,COLISÃO,COLISÃO SEM VITIMAS,1.0,,,,,,,1.0,,0.0,,Cruzamento,Chuvoso,Sem defeito,Perfeito estado,Molhada,Perfeito estado,Não existe,Não há placas,,Única,Faixa contínua,,
46,FIXO,Portaria 066/2007,FSMTD - 0483,FS014,AV BOA VIAGEM,-,-8.0918999,-34.8820963,4,60,21500,dez/20,2020-06-23,14:37:00,SEM VÍTIMA,FINALIZADA,BOA VIAGEM,AV BOA VIAGEM,30,,E/F AO EDF. ENSEADA DA BARRA,BOA VIAGEM,,,COLISÃO,COLISÃO S/VITIMAS ENTRE DOIS AUTOS,2.0,,,,,,,,,0.0,,Longo da via,Bom,Sem defeito,Perfeito estado,Seca,Perfeito estado,Faixa de retenção,Outras,N/I,Única,Faixa seccionada,,
46,FIXO,Portaria 066/2007,FSMTD - 0483,FS014,AV BOA VIAGEM,-,-8.0918999,-34.8820963,4,60,21500,dez/20,2020-06-26,13:16:00,SEM VÍTIMA,FINALIZADA,PINA,AV BOA VIAGEM,110,,E/F AO POSTO BR,PINA,,CIDADE,COLISÃO,COLISAO ENTRE TRES AUTOS S/V,2.0,,,,,,,,,0.0,,Longo da via,Bom,Sem defeito,Perfeito estado,Seca,Perfeito estado,Faixa de pedestre,Não há placas,60 km/h,Única,Faixa seccionada,,
46,FIXO,Portaria 066/2007,FSMTD - 0483,FS014,AV BOA VIAGEM,-,-8.0918999,-34.8820963,4,60,21500,dez/20,2020-07-15,07:30:00,SEM VÍTIMA,FINALIZADA,BOA VIAGEM,AV BOA VIAGEM,3650,,,BOA VIAGEM,,,COLISÃO,03 AUTOS PASSSEIO,3.0,,,,,,,,,0.0,,Longo da via,Bom,Não existe,Perfeito estado,Seca,Perfeito estado,Não existe,Não há placas,60KM,Única,Faixa seccionada,,
46,FIXO,Portaria 066/2007,FSMTD - 0483,FS014,AV BOA VIAGEM,-,-8.0918999,-34.8820963,4,60,21500,dez/20,2020-07-17,04:59:00,SEM VÍTIMA,FINALIZADA,BOA VIAGEM,AV BOA VIAGEM,,,LADO OPSTO AO EDFº GRAND MERCURY,BOA VIAGEM,,CIDADE,CHOQUE OBJETO FIXO,CHOQUE NO POSTE ILUMUNIAÇÃO,1.0,,,,,,,,,0.0,,Longo da via,Chuvoso,Sem defeito,Perfeito estado,Molhada,Perfeito estado,Faixa de pedestre,Outras,60KM,Única,Faixa contínua,Faixa seccionada,
46,FIXO,Portaria 066/2007,FSMTD - 0483,FS014,AV BOA VIAGEM,-,-8.0918999,-34.8820963,4,60,21500,dez/20,2020-07-26,16:24:00,COM VÍTIMA,FINALIZADA,BOA VIAGEM,AV BOA VIAGEM,2198,RUA HENRIQUE CAPITULINO,EM FRENTE AO BANHEIRO PUBLICO NUMERO 5,BOA VIAGEM,,CIDADE,ABALROAMENTO LONGITUDINAL,CONDUTOR DA MOTO AVANÇOU O SINAL VERMELHO E COM O PARALAMA DO LADO DIREITO DO VEICULO,1.0,1.0,,,,,,,,1.0,,Longo da via,Bom,Sem defeito,Perfeito estado,Seca,Perfeito estado,Faixa de pedestre,Não há placas,,Única,Não existe,,
46,FIXO,Portaria 066/2007,FSMTD - 0483,FS014,AV BOA VIAGEM,-,-8.0918999,-34.8820963,4,60,21500,dez/20,2020-07-28,16:13:00,SEM VÍTIMA,FINALIZADA,BOA VIAGEM,AV BOA VIAGEM,704,,EM FRENTE AO EDF. NÁPOLIS,BOA VIAGEM,,CIDADE,ABALROAMENTO LONGITUDINAL,VEICULO DA GUARDA MUNICIPAL ESTAVA ESTACIONDO E O CARRO UMA PUXAVA A MOTO TUQUI-TUQUI- E A MOTO COLIDIU COM O VEICULO DA GUARDA MUNICIPAL,2.0,,,,,,,,1.0,0.0,,Longo da via,Bom,Não existe,Perfeito estado,Seca,Perfeito estado,Não existe,Não há placas,,Única,Faixa contínua,,
46,FIXO,Portaria 066/2007,FSMTD - 0483,FS014,AV BOA VIAGEM,-,-8.0918999,-34.8820963,4,60,21500,dez/20,2020-08-16,01:30:00,SEM VÍTIMA,CANCELADA,BOA VIAGEM,AV BOA VIAGEM,1628,,E/F AO EDF PORTO FINO E 2º JARDIM,BOA VIAGEM,,,CHOQUE OBJETO FIXO,VEICULO FOI ABANDONADO NA VIA APÓS SE CHOCAR CONTRA UM PAPA-METRALHA.,1.0,,,,,,,,,0.0,,,,,,,,,,,,,,
46,FIXO,Portaria 066/2007,FSMTD - 0483,FS014,AV BOA VIAGEM,-,-8.0918999,-34.8820963,4,60,21500,dez/20,2020-09-09,09:53:00,SEM VÍTIMA,FINALIZADA,BOA VIAGEM,AV BOA VIAGEM,1998,,EM FRENTE,BOA VIAGEM,,CIDADE,COLISÃO TRASEIRA,MOTOCICLETA DA CTTU X RAV 4,1.0,1.0,,,,,,,,0.0,,Longo da via,Bom,Sem defeito,Perfeito estado,Seca,Perfeito estado,Agente,Não há placas,60 km/h,Única,Faixa seccionada,,
46,FIXO,Portaria 066/2007,FSMTD - 0483,FS014,AV BOA VIAGEM,-,-8.0918999,-34.8820963,4,60,21500,dez/20,2020-09-11,18:17:00,COM VÍTIMA,FINALIZADA,BOA VIAGEM,AV BOA VIAGEM,,RUA RIBEIRO DE BRITO,,BOA VIAGEM,,CIDADE,ABALROAMENTO LONGITUDINAL,COLISÃO ENTRE AUTO E MOTO- C/V,1.0,1.0,,,,,,,,1.0,,Cruzamento,Bom,Sem defeito,,Seca,Mal iluminada,Faixa de pedestre,Outras,60 km/h,Única,Faixa contínua,,
46,FIXO,Portaria 066/2007,FSMTD - 0483,FS014,AV BOA VIAGEM,-,-8.0918999,-34.8820963,4,60,21500,dez/20,2020-09-20,11:13:00,COM VÍTIMA,FINALIZADA,BOA VIAGEM,AV BOA VIAGEM,328,,EM FRENTE AS QUADRAS DE TÊNIS. EDF. ARAUCÁRIA.,BOA VIAGEM,,CIDADE,COLISÃO TRASEIRA,INFORMES QUE UM CONDUTOR PERDEU O CONTROLE DO VEÍCULO-COLIDIU COM OUTRO VEÍCULO (POLO COM SUA CONDUTORA TAMBÉM VITIMADA) E COM 2 BICICLETAS.,2.0,,,2.0,,,,,,3.0,,Longo da via,Bom,Sem defeito,Perfeito estado,Seca,Perfeito estado,Não existe,Outras,60 km/h,Única,Faixa seccionada,,
46,FIXO,Portaria 066/2007,FSMTD - 0483,FS014,AV BOA VIAGEM,-,-8.0918999,-34.8820963,4,60,21500,dez/20,2020-10-07,12:51:00,SEM VÍTIMA,FINALIZADA,BOA VIAGEM,AV BOA VIAGEM,6234,RUA JEAN MERMOZ,ED. PARQUE AVENIDA LIVING,BOA VIAGEM,,CIDADE,COLISÃO TRASEIRA,,2.0,,,,,,,,,0.0,,Longo da via,Bom,Sem defeito,Perfeito estado,Seca,Perfeito estado,Não existe,Não há placas,60 km/h,Única,Faixa contínua,,
46,FIXO,Portaria 066/2007,FSMTD - 0483,FS014,AV BOA VIAGEM,-,-8.0918999,-34.8820963,4,60,21500,dez/20,2020-10-17,21:55:00,SEM VÍTIMA,FINALIZADA,BOA VIAGEM,AV BOA VIAGEM,2334,,POSTO 5 / EM FRENTE AO EDF CATAMARÃ,BOA VIAGEM,,,CHOQUE VEÍCULO PARADO,VEÍCULO CHOCOU-SE CONTRA DOIS VEÍCULOS ESTACIONADOS (CONDUTOR ABANDONOU O VEÍCULO NO LOCAL),3.0,,,,,,,,,0.0,,,,,,,,,,,,,,
46,FIXO,Portaria 066/2007,FSMTD - 0483,FS014,AV BOA VIAGEM,-,-8.0918999,-34.8820963,4,60,21500,dez/20,2020-10-27,21:47:00,COM VÍTIMA,FINALIZADA,PINA,AV BOA VIAGEM,,,PÓLO PINA,PINA,104.0,CIDADE,ATROPELAMENTO,MOTO E PEDESTRE.,,1.0,,,1.0,,,,,2.0,,Longo da via,Bom,Sem defeito,Perfeito estado,Seca,Mal iluminada,Faixa de pedestre,Outras,60 km/h,Única,Faixa contínua,,
46,FIXO,Portaria 066/2007,FSMTD - 0483,FS014,AV BOA VIAGEM,-,-8.0918999,-34.8820963,4,60,21500,dez/20,2020-11-08,10:57:00,SEM VÍTIMA,FINALIZADA,BOA VIAGEM,AV BOA VIAGEM,2784,,APÓS A PADARIA BOA VIAGEM,BOA VIAGEM,,CIDADE,CHOQUE VEÍCULO PARADO,SEM VITIMAS -UM DOS CONDUTORES EM SITUAÇÃO DE EMBRIAGUEZ,3.0,,,,,,,,,0.0,,Longo da via,Bom,Não existe,Perfeito estado,Seca,Perfeito estado,Não existe,Não há placas,,Única,Faixa seccionada,,
46,FIXO,Portaria 066/2007,FSMTD - 0483,FS014,AV BOA VIAGEM,-,-8.0918999,-34.8820963,4,60,21500,dez/20,2020-11-16,17:36:00,COM VÍTIMA,FINALIZADA,BOA VIAGEM,AV BOA VIAGEM,,,EM FRENTE A PRACINHA DE BOA VIAGEM,BOA VIAGEM,4.0,CIDADE,ATROPELAMENTO,VITIMA NO LOCAL,1.0,,,,1.0,,,,,1.0,,Longo da via,Bom,Sem defeito,Perfeito estado,Seca,Perfeito estado,Faixa de pedestre,Não há placas,,Única,Faixa seccionada,,
46,FIXO,Portaria 066/2007,FSMTD - 0483,FS014,AV BOA VIAGEM,-,-8.0918999,-34.8820963,4,60,21500,dez/20,2020-11-21,16:36:00,SEM VÍTIMA,FINALIZADA,BOA VIAGEM,AV BOA VIAGEM,6274,,,BOA VIAGEM,,CIDADE,ABALROAMENTO LONGITUDINAL,COLISÃO SEM VÍTIMA/ COM VEÍCULO OFICIAL,2.0,,,,,,,,,0.0,,Longo da via,Bom,Sem defeito,Perfeito estado,Seca,Perfeito estado,Não existe,,60 km/h,Única,Faixa contínua,Faixa seccionada,
46,FIXO,Portaria 066/2007,FSMTD - 0483,FS014,AV BOA VIAGEM,-,-8.0918999,-34.8820963,4,60,21500,dez/20,2020-12-02,19:51:00,SEM VÍTIMA,CANCELADA,BOA VIAGEM,AV BOA VIAGEM,4338,,APÓS O POINT DA JAMAICA- EM FRENTE AO EDIFICIO MOHANA,BOA VIAGEM,,,CHOQUE,COLISÃO ENTRE DOIS AUTOS SEM VITIMAS- APOS A COLISÃO UM DOS VEÍCULOS CHOCOU-SE NO PORTÃO DO CONDOMINIO MOHANA,2.0,,,,,,,,,0.0,,,,,,,,,,,,,,
46,FIXO,Portaria 066/2007,FSMTD - 0483,FS014,AV BOA VIAGEM,-,-8.0918999,-34.8820963,4,60,21500,dez/20,2020-12-10,16:53:00,COM VÍTIMA,FINALIZADA,BOA VIAGEM,AV BOA VIAGEM,1338,,EM FRENTE AO SEGUNDO JARDIM,BOA VIAGEM,,CIDADE,ABALROAMENTO LONGITUDINAL,AGUARDANDO ATENDIMENTO DO SAMU. BATEDORES REGINALDO E MILTON NO LOCAL.,1.0,1.0,,,,,,,,1.0,,Longo da via,Bom,Não existe,Perfeito estado,Seca,Perfeito estado,Não existe,Não há placas,60 km/h,Única,Faixa seccionada,,
49,FIXO,Portaria 066/2007,FSMTD - 0507,FS016,AV RECIFE,AEROPORTO,-8.1003307,-34.9282209,3,60,31200,dez/19,2020-01-01,02:16:00,SEM VÍTIMA,FINALIZADA,AREIAS,AV RECIFE,,,LADO OPOSTO AO RESIDENCIAL IGNEZ ANDREAZZA,AREIAS,494.0,SUBURBIO,CHOQUE VEÍCULO PARADO,COLISÃO ENTRE DOIS AUTOS S/V,2.0,,,,,,,,,0.0,,Longo da via,Bom,Sem defeito,Perfeito estado,Seca,Perfeito estado,Faixa de pedestre,Não há placas,,Dupla,Canteiro central,,
49,FIXO,Portaria 066/2007,FSMTD - 0507,FS016,AV RECIFE,AEROPORTO,-8.1003307,-34.9282209,3,60,31200,dez/19,2020-01-02,06:14:00,COM VÍTIMA,FINALIZADA,AREIAS,AV RECIFE,63,RUA GONCALVES DE MAGALHAES,E/F A AMERICA FILM E POSTO IPIRANGA,AREIAS,393.0,CIDADE,ABALROAMENTO LONGITUDINAL,COLISÃO C/VITIMA ENTRE UMA MOTO E UM ONIBUS,,1.0,,,,1.0,,,,1.0,,Cruzamento,Bom,Sem defeito,Perfeito estado,Seca,Perfeito estado,Faixa de pedestre,Não há placas,60 km/h,Dupla,Canteiro central,,
49,FIXO,Portaria 066/2007,FSMTD - 0507,FS016,AV RECIFE,AEROPORTO,-8.1003307,-34.9282209,3,60,31200,dez/19,2020-01-03,10:54:00,SEM VÍTIMA,FINALIZADA,AREIAS,AV RECIFE,1040,AV CAPITAO GREGORIO DE CALDAS,HN VEÍCULOS,AREIAS,497.0,SUBURBIO,ABALROAMENTO LONGITUDINAL,COLISÃO S/VITIMAS ENTRE UM ONIBUS E TRES AUTOS,3.0,,,,,1.0,,,,0.0,,Longo da via,Bom,Sem defeito,Perfeito estado,Seca,Perfeito estado,Agente,Não há placas,60 km/h,Dupla,Canteiro central,,
49,FIXO,Portaria 066/2007,FSMTD - 0507,FS016,AV RECIFE,AEROPORTO,-8.1003307,-34.9282209,3,60,31200,dez/19,2020-01-03,21:23:00,SEM VÍTIMA,FINALIZADA,IMBIRIBEIRA,AV RECIFE,,AV MARECHAL MASCARENHAS DE MORAES,LADO OPOSTO DA TOYOTA TOYOLEX,IMBIRIBEIRA,,SUBURBIO,COLISÃO TRASEIRA,ONIBUS X AUTO PASSEIO S/V,1.0,,,,,1.0,,,,0.0,,,Bom,Não existe,Perfeito estado,Seca,Perfeito estado,Não existe,Outras,,Única,Faixa seccionada,Canteiro central,Blocos
49,FIXO,Portaria 066/2007,FSMTD - 0507,FS016,AV RECIFE,AEROPORTO,-8.1003307,-34.9282209,3,60,31200,dez/19,2020-01-04,18:22:00,SEM VÍTIMA,FINALIZADA,AREIAS,AV RECIFE,204,,EM CIMA DA PONTE,AREIAS,,CIDADE,COLISÃO TRASEIRA,COLISAO SEM VITIMAS,1.0,,,,,,1.0,,,0.0,,Viaduto,Bom,Não existe,Incompleta,Seca,,Não existe,,,Dupla,Canteiro central,,
49,FIXO,Portaria 066/2007,FSMTD - 0507,FS016,AV RECIFE,AEROPORTO,-8.1003307,-34.9282209,3,60,31200,dez/19,2020-01-06,09:30:00,SEM VÍTIMA,FINALIZADA,AREIAS,AV RECIFE,657,,MAKRO,AREIAS,,SUBURBIO,COLISÃO TRASEIRA,SEM VITIMAS,1.0,,,,,,1.0,,,0.0,,Longo da via,Bom,,Perfeito estado,Seca,Perfeito estado,Faixa de pedestre,,,Dupla,Canteiro central,,
49,FIXO,Portaria 066/2007,FSMTD - 0507,FS016,AV RECIFE,AEROPORTO,-8.1003307,-34.9282209,3,60,31200,dez/19,2020-01-07,15:15:00,SEM VÍTIMA,FINALIZADA,IPSEP,AV RECIFE,2775,,EM FRENTE A IBEX,IPSEP,,SUBURBIO,ABALROAMENTO LONGITUDINAL,COLISÃO COM DOIS AUTOS E UM DOS AUTO SE CHOCOU COM O POSTE/ SEM VÍTIMA,2.0,,,,,,,,,0.0,,Longo da via,Bom,Não existe,Perfeito estado,Seca,Perfeito estado,Agente,Não há placas,60 km/h,Dupla,Canteiro central,,
49,FIXO,Portaria 066/2007,FSMTD - 0507,FS016,AV RECIFE,AEROPORTO,-8.1003307,-34.9282209,3,60,31200,dez/19,2020-01-08,14:52:00,SEM VÍTIMA,FINALIZADA,AREIAS,AV RECIFE,,,LADO OPOSTO AO BIG BOMPREÇO,AREIAS,,,COLISÃO TRASEIRA,COLISÃO SEM VÍTIMA,2.0,,,,,,,,,0.0,,Longo da via,Bom,Sem defeito,Perfeito estado,Seca,Perfeito estado,,Outras,,Dupla,Canteiro central,,
49,FIXO,Portaria 066/2007,FSMTD - 0507,FS016,AV RECIFE,AEROPORTO,-8.1003307,-34.9282209,3,60,31200,dez/19,2020-01-09,12:19:00,SEM VÍTIMA,FINALIZADA,IPSEP,AV RECIFE,2240,,,IPSEP,,,COLISÃO TRASEIRA,SEM VITIMA,3.0,,,,,,,,,0.0,,Longo da via,Bom,Sem defeito,Incompleta,Seca,Perfeito estado,Não existe,Outras,60 km/h,Dupla,Canteiro central,,
49,FIXO,Portaria 066/2007,FSMTD - 0507,FS016,AV RECIFE,AEROPORTO,-8.1003307,-34.9282209,3,60,31200,dez/19,2020-01-09,17:25:00,SEM VÍTIMA,FINALIZADA,IPSEP,AV RECIFE,,AV DOM HELDER CAMARA,,IPSEP,55.0,,ABALROAMENTO TRANSVERSAL,COLISÃO SEM VÍTIMA,2.0,,,,,,,,,0.0,,Cruzamento,Bom,Sem defeito,Perfeito estado,Seca,Perfeito estado,Faixa de pedestre,,60 km/h,Dupla,Faixa contínua,Canteiro central,
49,FIXO,Portaria 066/2007,FSMTD - 0507,FS016,AV RECIFE,AEROPORTO,-8.1003307,-34.9282209,3,60,31200,dez/19,2020-01-09,19:12:00,COM VÍTIMA,FINALIZADA,ESTÂNCIA,AV RECIFE,5606,,AO LADO DO LABORATORIO CERPE/ PROX A ENTRADA DE SAN MARTINS,ESTÂNCIA,,CEASA,ABALROAMENTO LONGITUDINAL,COLISAO COM VITIMAS,1.0,1.0,,,,,,,,1.0,,Longo da via,Bom,Não existe,Perfeito estado,Seca,Perfeito estado,Não existe,Não há placas,60 km/h,Dupla,Canteiro central,,
49,FIXO,Portaria 066/2007,FSMTD - 0507,FS016,AV RECIFE,AEROPORTO,-8.1003307,-34.9282209,3,60,31200,dez/19,2020-01-10,17:53:00,SEM VÍTIMA,FINALIZADA,ESTÂNCIA,AV RECIFE,5008,,LADO OPOSTO AO MAKRO,ESTÂNCIA,621.0,SUBURBIO,COLISÃO TRASEIRA,COLISÃO SEM VÍTIMA,1.0,,,,,,1.0,,,0.0,,Longo da via,Bom,Sem defeito,Perfeito estado,Seca,Perfeito estado,Faixa de pedestre,Outras,,Dupla,Canteiro central,,
49,FIXO,Portaria 066/2007,FSMTD - 0507,FS016,AV RECIFE,AEROPORTO,-8.1003307,-34.9282209,3,60,31200,dez/19,2020-01-11,15:39:00,SEM VÍTIMA,FINALIZADA,IPSEP,AV RECIFE,,RUA PINTOR ANTONIO ALBUQUERQUE,POSTO SHELL,IPSEP,55.0,SUBURBIO,COLISÃO TRASEIRA,COLISAO ENTRE DOIS AUTOS S/V,2.0,,,,,,,,,0.0,,Longo da via,Bom,Sem defeito,Perfeito estado,Seca,Perfeito estado,Faixa de pedestre,Não há placas,,Dupla,Canteiro central,,
49,FIXO,Portaria 066/2007,FSMTD - 0507,FS016,AV RECIFE,AEROPORTO,-8.1003307,-34.9282209,3,60,31200,dez/19,2020-01-13,06:43:00,SEM VÍTIMA,FINALIZADA,ESTÂNCIA,AV RECIFE,,,SOB O SEMÁFORO Nº 261 SENTIDO BR 101,ESTÂNCIA,261.0,SUBURBIO,COLISÃO TRASEIRA,AUTO E CAMINHÃO,1.0,,,,,,1.0,,,0.0,,Longo da via,Bom,Sem defeito,Perfeito estado,Seca,Perfeito estado,Faixa de retenção,Outras,60 km/h,Dupla,Faixa contínua,Canteiro central,
49,FIXO,Portaria 066/2007,FSMTD - 0507,FS016,AV RECIFE,AEROPORTO,-8.1003307,-34.9282209,3,60,31200,dez/19,2020-01-13,10:55:00,SEM VÍTIMA,FINALIZADA,IPSEP,AV RECIFE,2996,,EXATA COR,IPSEP,,CIDADE,ABALROAMENTO LONGITUDINAL,COLISAO S/ VITIMA. ENTRE DOIS VEICULOS,2.0,,,,,,,,,0.0,,Longo da via,Bom,Sem defeito,Perfeito estado,Seca,Perfeito estado,Não existe,Outras,60 km/h,Única,Faixa seccionada,Canteiro central,
49,FIXO,Portaria 066/2007,FSMTD - 0507,FS016,AV RECIFE,AEROPORTO,-8.1003307,-34.9282209,3,60,31200,dez/19,2020-01-13,11:24:00,SEM VÍTIMA,DUPLICIDADE,IPSEP,AV RECIFE,2996,,EM FRENTE A EMPRESA EXATA  COR,IPSEP,,AREIAS,COLISÃO,COLISÃO SEM VITIMAS,2.0,,,,,,,,,0.0,,,,,,,,,,,,,,
49,FIXO,Portaria 066/2007,FSMTD - 0507,FS016,AV RECIFE,AEROPORTO,-8.1003307,-34.9282209,3,60,31200,dez/19,2020-01-14,14:34:00,SEM VÍTIMA,FINALIZADA,IBURA,AV RECIFE,2528,,ATACAMAX ATACADO,IBURA,,CIDADE,COLISÃO TRASEIRA,COLISÃO SEM VÍTIMA,2.0,,,,,,,,,0.0,,Longo da via,Bom,Não existe,Perfeito estado,Seca,Perfeito estado,Não existe,Não há placas,,Dupla,Canteiro central,,
49,FIXO,Portaria 066/2007,FSMTD - 0507,FS016,AV RECIFE,AEROPORTO,-8.1003307,-34.9282209,3,60,31200,dez/19,2020-01-15,10:12:00,SEM VÍTIMA,FINALIZADA,IPSEP,AV RECIFE,2240,,MOTO ELETRICA,IPSEP,,SUBURBIO,COLISÃO TRASEIRA,DOIS AUTOS,2.0,,,,,,,,,0.0,,Longo da via,Bom,Sem defeito,Perfeito estado,Seca,,Outros,Outras,,Única,Faixa seccionada,Canteiro central,
49,FIXO,Portaria 066/2007,FSMTD - 0507,FS016,AV RECIFE,AEROPORTO,-8.1003307,-34.9282209,3,60,31200,dez/19,2020-01-15,17:03:00,SEM VÍTIMA,FINALIZADA,IPSEP,AV RECIFE,,,EM FRENTE SÃO PAULO VEÍCULOS,IPSEP,,SUBURBIO,COLISÃO TRASEIRA,COLISÃO SEM VÍTIMA,2.0,,,,,,,,,0.0,,Longo da via,Bom,Sem defeito,Perfeito estado,Seca,Perfeito estado,,Não há placas,60 km/h,Dupla,Faixa seccionada,Canteiro central,
49,FIXO,Portaria 066/2007,FSMTD - 0507,FS016,AV RECIFE,AEROPORTO,-8.1003307,-34.9282209,3,60,31200,dez/19,2020-01-16,10:10:00,SEM VÍTIMA,CANCELADA,IPSEP,AV RECIFE,2829,RUA ARISTIDES LOBO,EM FRENTE A BATERIAS HELIAR,IPSEP,616.0,CEASA,COLISÃO,SEM VITIMAS,2.0,,,,,,,,,0.0,,,,,,,,,,,,,,
49,FIXO,Portaria 066/2007,FSMTD - 0507,FS016,AV RECIFE,AEROPORTO,-8.1003307,-34.9282209,3,60,31200,dez/19,2020-01-17,10:27:00,SEM VÍTIMA,FINALIZADA,AREIAS,AV RECIFE,5586,,EM FRENTE AO POSTO BR DO MACRO,AREIAS,,,COLISÃO TRASEIRA,COLISAO S/ VITIMA. ENTRE DOIS VEICULOS,2.0,,,,,,,,,0.0,,Longo da via,Bom,Não existe,Perfeito estado,Seca,Perfeito estado,Não existe,Não há placas,60 km/h,Dupla,Canteiro central,,