_id,tipo_equipamento,registro_inmetro,numero_serie_fabricante,identificacao_equipamento,local_instalacao,sentido_fiscalizacao,latitude,longitude,faixas_fiscalizadas,velocidade_fiscalizada,vmd,periodo_vmd,data,hora,natureza_acidente,situacao,bairro,endereco,numero,detalhe_endereco_acidente,complemento,bairro_cruzamento,num_semaforo,sentido_via,tipo,descricao,auto,moto,ciclom,ciclista,pedestre,onibus,caminhao,viatura,outros,vitimas,vitimasfatais,acidente_verificado,tempo_clima,situacao_semaforo,sinalizacao,condicao_via,conservacao_via,ponto_controle,situacao_placa,velocidade_max_via,mao_direcao,divisao_via1,divisao_via2,divisao_via3
49,FIXO,Portaria 066/2007,FSMTD - 0507,FS016,AV RECIFE,AEROPORTO,-8.1003307,-34.9282209,3,60,31200,dez/19,2020-06-02,12:21:00,VÍTIMA FATAL,FINALIZADA,IPSEP,AV RECIFE,3532,RUA CORONEL MURTA,POSTO PETROBRAS,IPSEP,,CIDADE,ATROPELAMENTO,ATROPELAMENTO COM VÍTIMA FATAL,1.0,,,,1.0,,,,,,1.0,Cruzamento,Bom,Não existe,Incompleta,Seca,Perfeito estado,Não existe,Não há placas,,Dupla,Canteiro central,,
49,FIXO,Portaria 066/2007,FSMTD - 0507,FS016,AV RECIFE,AEROPORTO,-8.1003307,-34.9282209,3,60,31200,dez/19,2020-06-21,12:22:00,COM VÍTIMA,FINALIZADA,AREIAS,AV RECIFE,,RUA AURORA CACOTE,EM FRENTE AO HOSPITAL DE AREIAS. CHURRASCARIA E PIZZARIA GALETUS.,AREIAS,,BOA VIAGEM,ABALROAMENTO TRANSVERSAL,AUTO E MOTO.,1.0,,1.0,,,,,,,1.0,,Esquina,Bom,Não existe,Perfeito estado,Seca,Mal conservada,Não existe,Placas Pare,60 km/h,Dupla,Canteiro central,,
49,FIXO,Portaria 066/2007,FSMTD - 0507,FS016,AV RECIFE,AEROPORTO,-8.1003307,-34.9282209,3,60,31200,dez/19,2020-06-24,14:16:00,COM VÍTIMA,CANCELADA,ESTÂNCIA,AV RECIFE,,,EM FRENTE AO MAKRO/ SENTIDO CAXANGA,ESTÂNCIA,,,COLISÃO,COLISÃO COM VÍTIMA,1.0,1.0,,,,,,,,1.0,,,,,,,,,,,,,,
49,FIXO,Portaria 066/2007,FSMTD - 0507,FS016,AV RECIFE,AEROPORTO,-8.1003307,-34.9282209,3,60,31200,dez/19,2020-06-26,14:43:00,SEM VÍTIMA,FINALIZADA,IPSEP,AV RECIFE,,AV TAPAJOS,LADO OPOSTO DO POSTO BR VT 21 NO LOCAL,IPSEP,620.0,,COLISÃO,COLISAO ENTRE AUTO E UM CAMINHAO,1.0,,,,,,1.0,,,0.0,,Cruzamento,Chuvoso,Sem defeito,Perfeito estado,Outros,Perfeito estado,Faixa de pedestre,,,Dupla,Faixa seccionada,Canteiro central,
49,FIXO,Portaria 066/2007,FSMTD - 0507,FS016,AV RECIFE,AEROPORTO,-8.1003307,-34.9282209,3,60,31200,dez/19,2020-07-02,08:57:00,COM VÍTIMA,FINALIZADA,IPSEP,AV RECIFE,3460,AV RAIMUNDO DINIZ,EM FRENTE A LOJA JJK AUTOS,IPSEP,247.0,CIDADE,ABALROAMENTO TRANSVERSAL,COLISÃO ENTRE AUTO E MOTO COM VÍTIMA,1.0,1.0,,,,,,,,2.0,,Esquina,Bom,Desligado,Perfeito estado,Seca,Perfeito estado,Faixa de pedestre,Outras,60 km/h,Única,Faixa seccionada,,
49,FIXO,Portaria 066/2007,FSMTD - 0507,FS016,AV RECIFE,AEROPORTO,-8.1003307,-34.9282209,3,60,31200,dez/19,2020-07-09,11:48:00,COM VÍTIMA,FINALIZADA,IPSEP,AV RECIFE,,,APÓS O SAL E BRASA. PONTO DE ÔNIBUS Nº 020133.,IPSEP,393.0,CEASA,COLISÃO COM CICLISTA,ÔNIBUS E BICICLETA.,,,,1.0,,1.0,,,,1.0,,Longo da via,Bom,Sem defeito,Perfeito estado,Seca,Perfeito estado,Faixa de pedestre,R-32,60 km/h,Dupla,Canteiro central,,
49,FIXO,Portaria 066/2007,FSMTD - 0507,FS016,AV RECIFE,AEROPORTO,-8.1003307,-34.9282209,3,60,31200,dez/19,2020-07-13,08:54:00,COM VÍTIMA,FINALIZADA,AREIAS,AV RECIFE,,,PROX AO MAKRO. LADO OPOSTO AO POSTO BR,AREIAS,620.0,AEROPORTO,ABALROAMENTO LONGITUDINAL,C/VITIMAS- ENTRE MOTO E AUTO.AUTO EVADIU,,1.0,,,,,,,,1.0,,Longo da via,Bom,Sem defeito,Incompleta,Seca,Perfeito estado,Faixa de retenção,Outras,60 km/h,Dupla,Canteiro central,,
49,FIXO,Portaria 066/2007,FSMTD - 0507,FS016,AV RECIFE,AEROPORTO,-8.1003307,-34.9282209,3,60,31200,dez/19,2020-07-21,09:13:00,COM VÍTIMA,CANCELADA,AREIAS,AV RECIFE,,,EM FRENTE AO PAM DE AREIAS,AREIAS,,,COLISÃO,,,,,,,,,,,3.0,,,,,,,,,,,,,,
49,FIXO,Portaria 066/2007,FSMTD - 0507,FS016,AV RECIFE,AEROPORTO,-8.1003307,-34.9282209,3,60,31200,dez/19,2020-07-29,09:28:00,COM VÍTIMA,FINALIZADA,IPSEP,AV RECIFE,1088,,EM FRENTE A CENTRAL DAS BATERIAS,IPSEP,,AEROPORTO,ABALROAMENTO LONGITUDINAL,COM UMA VITIMA AGUARDANDO SAMU/CTTU NO LOCAL BATEDORES NO LOCAL 03-28,,2.0,,,,,,,,1.0,,Longo da via,Chuvoso,Não existe,Perfeito estado,Molhada,Perfeito estado,Não existe,Não há placas,60 km/h,Dupla,Faixa contínua,Faixa seccionada,
49,FIXO,Portaria 066/2007,FSMTD - 0507,FS016,AV RECIFE,AEROPORTO,-8.1003307,-34.9282209,3,60,31200,dez/19,2020-08-04,08:17:00,COM VÍTIMA,FINALIZADA,ESTÂNCIA,AV RECIFE,5583,,EM FRENTE AO POSTO BR- PROX A ENTRADA DE SAN MARTIM,ESTÂNCIA,,,COLISÃO TRASEIRA,COLISAO C VITIMA- ENVOLVENDO AUTO E MOTO,1.0,1.0,,,,,,,,1.0,,Longo da via,Bom,Não existe,Não existente,Seca,Perfeito estado,,Não há placas,60 km/h,Única,Canteiro central,,
49,FIXO,Portaria 066/2007,FSMTD - 0507,FS016,AV RECIFE,AEROPORTO,-8.1003307,-34.9282209,3,60,31200,dez/19,2020-08-25,06:45:00,COM VÍTIMA,FINALIZADA,IPSEP,AV RECIFE,3021,,LADO OPOSTO AO POSTO FEDERAL SENTIDO AEROPORTO,IPSEP,,,ATROPELAMENTO,VEÍCULO PERDEU O CONTROLE E ATROPELOU PEDESTRE NA PARADA DE ÔNIBUS,1.0,,,,2.0,,,,,2.0,,Longo da via,Bom,Não existe,Perfeito estado,Seca,Perfeito estado,Não existe,Não há placas,,Dupla,Canteiro central,,
49,FIXO,Portaria 066/2007,FSMTD - 0507,FS016,AV RECIFE,AEROPORTO,-8.1003307,-34.9282209,3,60,31200,dez/19,2020-08-27,18:56:00,COM VÍTIMA,FINALIZADA,ESTÂNCIA,AV RECIFE,880,,ENF A IGREJA BATISTA DA ESTANCIA SENTIDO CAXANGA,ESTÂNCIA,261.0,CIDADE,COLISÃO TRASEIRA,VW/GOL X HONDA/BROSS,1.0,1.0,,,,,,,,1.0,,Longo da via,Bom,Sem defeito,Perfeito estado,Seca,Perfeito estado,Faixa de pedestre,,60 km/h,Única,Faixa contínua,,
49,FIXO,Portaria 066/2007,FSMTD - 0507,FS016,AV RECIFE,AEROPORTO,-8.1003307,-34.9282209,3,60,31200,dez/19,2020-08-31,03:46:00,COM VÍTIMA,FINALIZADA,IPSEP,AV RECIFE,165-C,,PRÓXIMO AO SAL E BRASA. AO LADO DA LOJA GILVAN DOS PARABRISAS.,IPSEP,319.0,IPSEP,ABALROAMENTO TRANSVERSAL,AUTO EMOTO.,1.0,1.0,,,,,,,,1.0,,Longo da via,Chuvoso,Sem defeito,,Molhada,Perfeito estado,,Outras,,Dupla,Canteiro central,,
49,FIXO,Portaria 066/2007,FSMTD - 0507,FS016,AV RECIFE,AEROPORTO,-8.1003307,-34.9282209,3,60,31200,dez/19,2020-09-19,17:20:00,COM VÍTIMA,FINALIZADA,IPSEP,AV RECIFE,2677,,NA FRENTE DA PIZZARIA ATLANTICO,IPSEP,,SUBURBIO,ABALROAMENTO LONGITUDINAL,COLISÃO MOTO E CARRO,1.0,1.0,,,,,,,,1.0,,Longo da via,Bom,Sem defeito,Perfeito estado,Seca,Perfeito estado,,,,,,,
49,FIXO,Portaria 066/2007,FSMTD - 0507,FS016,AV RECIFE,AEROPORTO,-8.1003307,-34.9282209,3,60,31200,dez/19,2020-09-23,14:41:00,COM VÍTIMA,FINALIZADA,ESTÂNCIA,AV RECIFE,,,APÓS O BIG BOM PREÇO. LADO OPOSTO A FARMÁCIA PAGUE MENOS.,ESTÂNCIA,,SUBURBIO,ABALROAMENTO LONGITUDINAL,MOTO X VEÍCULO,1.0,1.0,,,,,,,,1.0,,Longo da via,Bom,Sem defeito,Perfeito estado,Seca,Perfeito estado,Não existe,Outras,,Dupla,Canteiro central,,
49,FIXO,Portaria 066/2007,FSMTD - 0507,FS016,AV RECIFE,AEROPORTO,-8.1003307,-34.9282209,3,60,31200,dez/19,2020-09-26,04:50:00,COM VÍTIMA,FINALIZADA,AREIAS,AV RECIFE,97,,EM FRENTE AO MAKRO SENTIDO UFPE- NA SUBIDA DO VIADUTO ULISSES GUIMARÃES.,AREIAS,,CIDADE,COLISÃO TRASEIRA,AUTO E MOTO.,1.0,1.0,,,,,,,,1.0,,Longo da via,Bom,Não existe,Perfeito estado,Seca,Mal conservada,Não existe,Não há placas,60 km/h,,Faixa seccionada,,
49,FIXO,Portaria 066/2007,FSMTD - 0507,FS016,AV RECIFE,AEROPORTO,-8.1003307,-34.9282209,3,60,31200,dez/19,2020-10-02,16:24:00,COM VÍTIMA,FINALIZADA,AREIAS,AV RECIFE,758,,EM FRENTE A BRASIL VEÍCULOS/ SENTIDO CABO,AREIAS,,SUBURBIO,COLISÃO,COLISÃO COM VÍTIMA,,1.0,,,,,1.0,,,1.0,,Longo da via,Bom,Não existe,Perfeito estado,Seca,Perfeito estado,Não existe,Não há placas,60 km/h,Dupla,Canteiro central,,
49,FIXO,Portaria 066/2007,FSMTD - 0507,FS016,AV RECIFE,AEROPORTO,-8.1003307,-34.9282209,3,60,31200,dez/19,2020-10-04,14:31:00,COM VÍTIMA,FINALIZADA,JARDIM SÃO PAULO,AV RECIFE,5635,RUA SENADOR ALBERTO PASQUALINI,EM FRENTE A ESQUINA DO GALETO/ SENTIDO CENTRO,JARDIM SÃO PAULO,259.0,AEROPORTO,COLISÃO COM CICLISTA,COLISÃO COM VÍTIMA,1.0,,,1.0,,,,,,1.0,,Cruzamento,Bom,Sem defeito,Perfeito estado,Seca,Perfeito estado,Faixa de pedestre,R-6a,,Dupla,Canteiro central,,
49,FIXO,Portaria 066/2007,FSMTD - 0507,FS016,AV RECIFE,AEROPORTO,-8.1003307,-34.9282209,3,60,31200,dez/19,2020-10-12,18:22:00,COM VÍTIMA,FINALIZADA,IPSEP,AV RECIFE,2856,,APÓS A ENTRADA DO IBURA. EM FRENTE A SÉRGIO'S MULTIMARCAS,IPSEP,,BR 101,COLISÃO TRASEIRA,COLISÃO COM DUAS MOTOS,,2.0,,,,,,,,2.0,,Longo da via,Bom,Não existe,Perfeito estado,Seca,Perfeito estado,Não existe,Não há placas,,Dupla,Canteiro central,,
49,FIXO,Portaria 066/2007,FSMTD - 0507,FS016,AV RECIFE,AEROPORTO,-8.1003307,-34.9282209,3,60,31200,dez/19,2020-10-13,19:58:00,COM VÍTIMA,FINALIZADA,IPSEP,AV RECIFE,,AV DOM HELDER CAMARA,EM FRENTE A LOCADORA DE VANS DE RECIFE,IPSEP,16.0,SUBURBIO,ABALROAMENTO TRANSVERSAL,COLIÃO ENTRE AUTO E MOTO C/V- UM DOS CONDUTORES APRESENTA SINTOMAS DE EMBRIAGUEZ,1.0,1.0,,,,,,,,1.0,,Cruzamento,Bom,Sem defeito,Perfeito estado,Seca,Perfeito estado,Faixa de pedestre,Outras,,Única,Faixa contínua,Faixa seccionada,Canteiro central
49,FIXO,Portaria 066/2007,FSMTD - 0507,FS016,AV RECIFE,AEROPORTO,-8.1003307,-34.9282209,3,60,31200,dez/19,2020-10-14,22:19:00,COM VÍTIMA,FINALIZADA,IPSEP,AV RECIFE,,AV SENADOR ROBERT KENNEDY,PROX AO CARLOS FUME E GILVAN DOS PARABRISAS,IPSEP,319.0,CIDADE,ABALROAMENTO LONGITUDINAL,SENTIDO PAM DE AREIAS (HOSPITAL),1.0,1.0,,,,,,,,1.0,,Longo da via,Bom,Sem defeito,Perfeito estado,Seca,Perfeito estado,Não existe,,,Única,,,
49,FIXO,Portaria 066/2007,FSMTD - 0507,FS016,AV RECIFE,AEROPORTO,-8.1003307,-34.9282209,3,60,31200,dez/19,2020-10-15,18:28:00,COM VÍTIMA,FINALIZADA,IPSEP,AV RECIFE,2273B,,EM FRENTE A PIZZARIA ATLÂNTICO,IPSEP,,SUBURBIO,ABALROAMENTO LONGITUDINAL,COLISÃO ENTRE AUTO E MOTO C/V,1.0,1.0,,,,,,,,2.0,,Longo da via,Bom,Sem defeito,Perfeito estado,Seca,Perfeito estado,Não existe,R-6a,,Dupla,Canteiro central,,
49,FIXO,Portaria 066/2007,FSMTD - 0507,FS016,AV RECIFE,AEROPORTO,-8.1003307,-34.9282209,3,60,31200,dez/19,2020-10-17,09:02:00,COM VÍTIMA,FINALIZADA,JARDIM SÃO PAULO,AV RECIFE,5460,,,JARDIM SÃO PAULO,,SUBURBIO,COLISÃO TRASEIRA,COM VÍTIMA,,1.0,,,,,1.0,,,1.0,,Longo da via,Bom,Não existe,Perfeito estado,Seca,Perfeito estado,,Não há placas,,Única,Faixa seccionada,,
49,FIXO,Portaria 066/2007,FSMTD - 0507,FS016,AV RECIFE,AEROPORTO,-8.1003307,-34.9282209,3,60,31200,dez/19,2020-10-21,15:10:00,COM VÍTIMA,FINALIZADA,IPSEP,AV RECIFE,1600,AV PRESIDENTE KENNEDY,PROX A PONTE DO CAÇOTE. LADO OPOSTO AO NÚMERO INFORMADO.,IPSEP,212.0,BR 101,COLISÃO TRASEIRA,COLISAO ENTRE AUTO E MOTO COM VITIMA,1.0,1.0,,,,,,,,1.0,,Esquina,Bom,Sem defeito,Perfeito estado,Seca,Perfeito estado,Outros,Outras,60 km/h,Dupla,Canteiro central,,
49,FIXO,Portaria 066/2007,FSMTD - 0507,FS016,AV RECIFE,AEROPORTO,-8.1003307,-34.9282209,3,60,31200,dez/19,2020-10-29,15:28:00,SEM VÍTIMA,CANCELADA,AREIAS,AV RECIFE,,,EM FRENTE AO GALETUS,AREIAS,,,COLISÃO,SUPOSTAMENTE COM VÍTIMA,,,,,,,,,,0.0,,,,,,,,,,,,,,
49,FIXO,Portaria 066/2007,FSMTD - 0507,FS016,AV RECIFE,AEROPORTO,-8.1003307,-34.9282209,3,60,31200,dez/19,2020-11-07,01:27:00,SEM VÍTIMA,CANCELADA,IPSEP,AV RECIFE,,,EM FRENTE A PIZZARIA ATLANTICA,IPSEP,,,CHOQUE OBJETO FIXO,COLISÃO AUTO E POSTE,1.0,,,,,,,,,0.0,,,,,,,,,,,,,,
49,FIXO,Portaria 066/2007,FSMTD - 0507,FS016,AV RECIFE,AEROPORTO,-8.1003307,-34.9282209,3,60,31200,dez/19,2020-11-09,16:45:00,COM VÍTIMA,CANCELADA,IPSEP,AV RECIFE,3021,,E/F AO POSTO FEDERAL S/T AREIAS,IPSEP,,,COLISÃO COM CICLISTA,COLISAO EN CO CICLISTA,1.0,,,1.0,,,,,,1.0,,,,,,,,,,,,,,
49,FIXO,Portaria 066/2007,FSMTD - 0507,FS016,AV RECIFE,AEROPORTO,-8.1003307,-34.9282209,3,60,31200,dez/19,2020-11-10,08:22:00,COM VÍTIMA,FINALIZADA,IPSEP,AV RECIFE,3592,,EM FRENTE A RECIFE HONDA MOTOS,IPSEP,,BOA VIAGEM,COLISÃO TRASEIRA,MOTO E AUTO,1.0,1.0,,,,,,,,2.0,,Longo da via,Bom,Não existe,Perfeito estado,Seca,Perfeito estado,Outros,Outras,,Dupla,Faixa contínua,Faixa seccionada,Canteiro central
49,FIXO,Portaria 066/2007,FSMTD - 0507,FS016,AV RECIFE,AEROPORTO,-8.1003307,-34.9282209,3,60,31200,dez/19,2020-11-17,17:13:00,COM VÍTIMA,FINALIZADA,IPSEP,AV RECIFE,,RUA JEAN EMILE FAVRE,NA ENTRADA DO IPSEP´E/F A PADARIA VILA DO PAO S/T BOA VIAGEM,IPSEP,130.0,BOA VIAGEM,COLISÃO TRASEIRA,COLISAO ENTRE AUTO E MOTO COM UMA VITIMA,1.0,1.0,,,,,,,,1.0,,Longo da via,Bom,Sem defeito,Perfeito estado,Seca,Perfeito estado,Faixa de pedestre,Outras,,Dupla,Canteiro central,,
49,FIXO,Portaria 066/2007,FSMTD - 0507,FS016,AV RECIFE,AEROPORTO,-8.1003307,-34.9282209,3,60,31200,dez/19,2020-11-18,12:41:00,COM VÍTIMA,FINALIZADA,AREIAS,AV RECIFE,,,LADO OPOSTO AO BIG BOMPREÇO,AREIAS,618.0,BR-101,ABALROAMENTO LONGITUDINAL,COLISAO ENTRE MOTO E AUTO COM VITIMAS,1.0,1.0,,,,,,,,2.0,,Longo da via,Bom,Sem defeito,Incompleta,Seca,Perfeito estado,Não existe,Não há placas,,Única,Faixa contínua,,
49,FIXO,Portaria 066/2007,FSMTD - 0507,FS016,AV RECIFE,AEROPORTO,-8.1003307,-34.9282209,3,60,31200,dez/19,2020-11-23,19:02:00,COM VÍTIMA,FINALIZADA,IMBIRIBEIRA,AV RECIFE,,,DECIDA DO ACESSO SENTIDO AV MASCARENHAS DE MORAIS,IMBIRIBEIRA,,AFOGADOS,CHOQUE OBJETO FIXO,AUTO COLIDIU CO O GELO BAIANO,1.0,,,,,,,,,1.0,,,,,,,,,,,,,,
49,FIXO,Portaria 066/2007,FSMTD - 0507,FS016,AV RECIFE,AEROPORTO,-8.1003307,-34.9282209,3,60,31200,dez/19,2020-12-05,07:00:00,COM VÍTIMA,FINALIZADA,IMBIRIBEIRA,AV RECIFE,1114,,EM FRENTE A CARLOS FILME EQUIPADORA,IMBIRIBEIRA,319.0,SUBURBIO,COLISÃO TRASEIRA,MOTO E AUTO,1.0,1.0,,,,,,,,1.0,,Longo da via,Bom,Sem defeito,Perfeito estado,Seca,Perfeito estado,Faixa de pedestre,Não há placas,,Dupla,Canteiro central,,
50,FIXO,Portaria 066/2007,FSMTD - 0519,FS017,AV RECIFE,CEASA,-8.1005774,-34.9280712,3,60,39000,dez/19,2020-01-01,02:16:00,SEM VÍTIMA,FINALIZADA,AREIAS,AV RECIFE,,,LADO OPOSTO AO RESIDENCIAL IGNEZ ANDREAZZA,AREIAS,494.0,SUBURBIO,CHOQUE VEÍCULO PARADO,COLISÃO ENTRE DOIS AUTOS S/V,2.0,,,,,,,,,0.0,,Longo da via,Bom,Sem defeito,Perfeito estado,Seca,Perfeito estado,Faixa de pedestre,Não há placas,,Dupla,Canteiro central,,
50,FIXO,Portaria 066/2007,FSMTD - 0519,FS017,AV RECIFE,CEASA,-8.1005774,-34.9280712,3,60,39000,dez/19,2020-01-02,06:14:00,COM VÍTIMA,FINALIZADA,AREIAS,AV RECIFE,63,RUA GONCALVES DE MAGALHAES,E/F A AMERICA FILM E POSTO IPIRANGA,AREIAS,393.0,CIDADE,ABALROAMENTO LONGITUDINAL,COLISÃO C/VITIMA ENTRE UMA MOTO E UM ONIBUS,,1.0,,,,1.0,,,,1.0,,Cruzamento,Bom,Sem defeito,Perfeito estado,Seca,Perfeito estado,Faixa de pedestre,Não há placas,60 km/h,Dupla,Canteiro central,,
50,FIXO,Portaria 066/2007,FSMTD - 0519,FS017,AV RECIFE,CEASA,-8.1005774,-34.9280712,3,60,39000,dez/19,2020-01-03,10:54:00,SEM VÍTIMA,FINALIZADA,AREIAS,AV RECIFE,1040,AV CAPITAO GREGORIO DE CALDAS,HN VEÍCULOS,AREIAS,497.0,SUBURBIO,ABALROAMENTO LONGITUDINAL,COLISÃO S/VITIMAS ENTRE UM ONIBUS E TRES AUTOS,3.0,,,,,1.0,,,,0.0,,Longo da via,Bom,Sem defeito,Perfeito estado,Seca,Perfeito estado,Agente,Não há placas,60 km/h,Dupla,Canteiro central,,
50,FIXO,Portaria 066/2007,FSMTD - 0519,FS017,AV RECIFE,CEASA,-8.1005774,-34.9280712,3,60,39000,dez/19,2020-01-03,21:23:00,SEM VÍTIMA,FINALIZADA,IMBIRIBEIRA,AV RECIFE,,AV MARECHAL MASCARENHAS DE MORAES,LADO OPOSTO DA TOYOTA TOYOLEX,IMBIRIBEIRA,,SUBURBIO,COLISÃO TRASEIRA,ONIBUS X AUTO PASSEIO S/V,1.0,,,,,1.0,,,,0.0,,,Bom,Não existe,Perfeito estado,Seca,Perfeito estado,Não existe,Outras,,Única,Faixa seccionada,Canteiro central,Blocos
50,FIXO,Portaria 066/2007,FSMTD - 0519,FS017,AV RECIFE,CEASA,-8.1005774,-34.9280712,3,60,39000,dez/19,2020-01-04,18:22:00,SEM VÍTIMA,FINALIZADA,AREIAS,AV RECIFE,204,,EM CIMA DA PONTE,AREIAS,,CIDADE,COLISÃO TRASEIRA,COLISAO SEM VITIMAS,1.0,,,,,,1.0,,,0.0,,Viaduto,Bom,Não existe,Incompleta,Seca,,Não existe,,,Dupla,Canteiro central,,
50,FIXO,Portaria 066/2007,FSMTD - 0519,FS017,AV RECIFE,CEASA,-8.1005774,-34.9280712,3,60,39000,dez/19,2020-01-06,09:30:00,SEM VÍTIMA,FINALIZADA,AREIAS,AV RECIFE,657,,MAKRO,AREIAS,,SUBURBIO,COLISÃO TRASEIRA,SEM VITIMAS,1.0,,,,,,1.0,,,0.0,,Longo da via,Bom,,Perfeito estado,Seca,Perfeito estado,Faixa de pedestre,,,Dupla,Canteiro central,,
50,FIXO,Portaria 066/2007,FSMTD - 0519,FS017,AV RECIFE,CEASA,-8.1005774,-34.9280712,3,60,39000,dez/19,2020-01-07,15:15:00,SEM VÍTIMA,FINALIZADA,IPSEP,AV RECIFE,2775,,EM FRENTE A IBEX,IPSEP,,SUBURBIO,ABALROAMENTO LONGITUDINAL,COLISÃO COM DOIS AUTOS E UM DOS AUTO SE CHOCOU COM O POSTE/ SEM VÍTIMA,2.0,,,,,,,,,0.0,,Longo da via,Bom,Não existe,Perfeito estado,Seca,Perfeito estado,Agente,Não há placas,60 km/h,Dupla,Canteiro central,,
50,FIXO,Portaria 066/2007,FSMTD - 0519,FS017,AV RECIFE,CEASA,-8.1005774,-34.9280712,3,60,39000,dez/19,2020-01-08,14:52:00,SEM VÍTIMA,FINALIZADA,AREIAS,AV RECIFE,,,LADO OPOSTO AO BIG BOMPREÇO,AREIAS,,,COLISÃO TRASEIRA,COLISÃO SEM VÍTIMA,2.0,,,,,,,,,0.0,,Longo da via,Bom,Sem defeito,Perfeito estado,Seca,Perfeito estado,,Outras,,Dupla,Canteiro central,,
50,FIXO,Portaria 066/2007,FSMTD - 0519,FS017,AV RECIFE,CEASA,-8.1005774,-34.9280712,3,60,39000,dez/19,2020-01-09,12:19:00,SEM VÍTIMA,FINALIZADA,IPSEP,AV RECIFE,2240,,,IPSEP,,,COLISÃO TRASEIRA,SEM VITIMA,3.0,,,,,,,,,0.0,,Longo da via,Bom,Sem defeito,Incompleta,Seca,Perfeito estado,Não existe,Outras,60 km/h,Dupla,Canteiro central,,
50,FIXO,Portaria 066/2007,FSMTD - 0519,FS017,AV RECIFE,CEASA,-8.1005774,-34.9280712,3,60,39000,dez/19,2020-01-09,17:25:00,SEM VÍTIMA,FINALIZADA,IPSEP,AV RECIFE,,AV DOM HELDER CAMARA,,IPSEP,55.0,,ABALROAMENTO TRANSVERSAL,COLISÃO SEM VÍTIMA,2.0,,,,,,,,,0.0,,Cruzamento,Bom,Sem defeito,Perfeito estado,Seca,Perfeito estado,Faixa de pedestre,,60 km/h,Dupla,Faixa contínua,Canteiro central,
50,FIXO,Portaria 066/2007,FSMTD - 0519,FS017,AV RECIFE,CEASA,-8.1005774,-34.9280712,3,60,39000,dez/19,2020-01-09,19:12:00,COM VÍTIMA,FINALIZADA,ESTÂNCIA,AV RECIFE,5606,,AO LADO DO LABORATORIO CERPE/ PROX A ENTRADA DE SAN MARTINS,ESTÂNCIA,,CEASA,ABALROAMENTO LONGITUDINAL,COLISAO COM VITIMAS,1.0,1.0,,,,,,,,1.0,,Longo da via,Bom,Não existe,Perfeito estado,Seca,Perfeito estado,Não existe,Não há placas,60 km/h,Dupla,Canteiro central,,
50,FIXO,Portaria 066/2007,FSMTD - 0519,FS017,AV RECIFE,CEASA,-8.1005774,-34.9280712,3,60,39000,dez/19,2020-01-10,17:53:00,SEM VÍTIMA,FINALIZADA,ESTÂNCIA,AV RECIFE,5008,,LADO OPOSTO AO MAKRO,ESTÂNCIA,621.0,SUBURBIO,COLISÃO TRASEIRA,COLISÃO SEM VÍTIMA,1.0,,,,,,1.0,,,0.0,,Longo da via,Bom,Sem defeito,Perfeito estado,Seca,Perfeito estado,Faixa de pedestre,Outras,,Dupla,Canteiro central,,
50,FIXO,Portaria 066/2007,FSMTD - 0519,FS017,AV RECIFE,CEASA,-8.1005774,-34.9280712,3,60,39000,dez/19,2020-01-11,15:39:00,SEM VÍTIMA,FINALIZADA,IPSEP,AV RECIFE,,RUA PINTOR ANTONIO ALBUQUERQUE,POSTO SHELL,IPSEP,55.0,SUBURBIO,COLISÃO TRASEIRA,COLISAO ENTRE DOIS AUTOS S/V,2.0,,,,,,,,,0.0,,Longo da via,Bom,Sem defeito,Perfeito estado,Seca,Perfeito estado,Faixa de pedestre,Não há placas,,Dupla,Canteiro central,,
50,FIXO,Portaria 066/2007,FSMTD - 0519,FS017,AV RECIFE,CEASA,-8.1005774,-34.9280712,3,60,39000,dez/19,2020-01-13,06:43:00,SEM VÍTIMA,FINALIZADA,ESTÂNCIA,AV RECIFE,,,SOB O SEMÁFORO Nº 261 SENTIDO BR 101,ESTÂNCIA,261.0,SUBURBIO,COLISÃO TRASEIRA,AUTO E CAMINHÃO,1.0,,,,,,1.0,,,0.0,,Longo da via,Bom,Sem defeito,Perfeito estado,Seca,Perfeito estado,Faixa de retenção,Outras,60 km/h,Dupla,Faixa contínua,Canteiro central,
50,FIXO,Portaria 066/2007,FSMTD - 0519,FS017,AV RECIFE,CEASA,-8.1005774,-34.9280712,3,60,39000,dez/19,2020-01-13,10:55:00,SEM VÍTIMA,FINALIZADA,IPSEP,AV RECIFE,2996,,EXATA COR,IPSEP,,CIDADE,ABALROAMENTO LONGITUDINAL,COLISAO S/ VITIMA. ENTRE DOIS VEICULOS,2.0,,,,,,,,,0.0,,Longo da via,Bom,Sem defeito,Perfeito estado,Seca,Perfeito estado,Não existe,Outras,60 km/h,Única,Faixa seccionada,Canteiro central,