_id,tipo_equipamento,registro_inmetro,numero_serie_fabricante,identificacao_equipamento,local_instalacao,sentido_fiscalizacao,latitude,longitude,faixas_fiscalizadas,velocidade_fiscalizada,vmd,periodo_vmd,data,hora,natureza_acidente,situacao,bairro,endereco,numero,detalhe_endereco_acidente,complemento,bairro_cruzamento,num_semaforo,sentido_via,tipo,descricao,auto,moto,ciclom,ciclista,pedestre,onibus,caminhao,viatura,outros,vitimas,vitimasfatais,acidente_verificado,tempo_clima,situacao_semaforo,sinalizacao,condicao_via,conservacao_via,ponto_controle,situacao_placa,velocidade_max_via,mao_direcao,divisao_via1,divisao_via2,divisao_via3
50,FIXO,Portaria 066/2007,FSMTD - 0519,FS017,AV RECIFE,CEASA,-8.1005774,-34.9280712,3,60,39000,dez/19,2020-01-13,11:24:00,SEM VÍTIMA,DUPLICIDADE,IPSEP,AV RECIFE,2996,,EM FRENTE A EMPRESA EXATA  COR,IPSEP,,AREIAS,COLISÃO,COLISÃO SEM VITIMAS,2.0,,,,,,,,,0.0,,,,,,,,,,,,,,
50,FIXO,Portaria 066/2007,FSMTD - 0519,FS017,AV RECIFE,CEASA,-8.1005774,-34.9280712,3,60,39000,dez/19,2020-01-14,14:34:00,SEM VÍTIMA,FINALIZADA,IBURA,AV RECIFE,2528,,ATACAMAX ATACADO,IBURA,,CIDADE,COLISÃO TRASEIRA,COLISÃO SEM VÍTIMA,2.0,,,,,,,,,0.0,,Longo da via,Bom,Não existe,Perfeito estado,Seca,Perfeito estado,Não existe,Não há placas,,Dupla,Canteiro central,,
50,FIXO,Portaria 066/2007,FSMTD - 0519,FS017,AV RECIFE,CEASA,-8.1005774,-34.9280712,3,60,39000,dez/19,2020-01-15,10:12:00,SEM VÍTIMA,FINALIZADA,IPSEP,AV RECIFE,2240,,MOTO ELETRICA,IPSEP,,SUBURBIO,COLISÃO TRASEIRA,DOIS AUTOS,2.0,,,,,,,,,0.0,,Longo da via,Bom,Sem defeito,Perfeito estado,Seca,,Outros,Outras,,Única,Faixa seccionada,Canteiro central,
50,FIXO,Portaria 066/2007,FSMTD - 0519,FS017,AV RECIFE,CEASA,-8.1005774,-34.9280712,3,60,39000,dez/19,2020-01-15,17:03:00,SEM VÍTIMA,FINALIZADA,IPSEP,AV RECIFE,,,EM FRENTE SÃO PAULO VEÍCULOS,IPSEP,,SUBURBIO,COLISÃO TRASEIRA,COLISÃO SEM VÍTIMA,2.0,,,,,,,,,0.0,,Longo da via,Bom,Sem defeito,Perfeito estado,Seca,Perfeito estado,,Não há placas,60 km/h,Dupla,Faixa seccionada,Canteiro central,
50,FIXO,Portaria 066/2007,FSMTD - 0519,FS017,AV RECIFE,CEASA,-8.1005774,-34.9280712,3,60,39000,dez/19,2020-01-16,10:10:00,SEM VÍTIMA,CANCELADA,IPSEP,AV RECIFE,2829,RUA ARISTIDES LOBO,EM FRENTE A BATERIAS HELIAR,IPSEP,616.0,CEASA,COLISÃO,SEM VITIMAS,2.0,,,,,,,,,0.0,,,,,,,,,,,,,,
50,FIXO,Portaria 066/2007,FSMTD - 0519,FS017,AV RECIFE,CEASA,-8.1005774,-34.9280712,3,60,39000,dez/19,2020-01-17,10:27:00,SEM VÍTIMA,FINALIZADA,AREIAS,AV RECIFE,5586,,EM FRENTE AO POSTO BR DO MACRO,AREIAS,,,COLISÃO TRASEIRA,COLISAO S/ VITIMA. ENTRE DOIS VEICULOS,2.0,,,,,,,,,0.0,,Longo da via,Bom,Não existe,Perfeito estado,Seca,Perfeito estado,Não existe,Não há placas,60 km/h,Dupla,Canteiro central,,
50,FIXO,Portaria 066/2007,FSMTD - 0519,FS017,AV RECIFE,CEASA,-8.1005774,-34.9280712,3,60,39000,dez/19,2020-01-20,08:39:00,SEM VÍTIMA,FINALIZADA,IPSEP,AV RECIFE,,RUA JEAN EMILE FAVRE,EM FRENTE A PADARIA VILLA DO PÃO,IPSEP,130.0,,COLISÃO TRASEIRA,COLISÃO S/VITIMAS ENTRE TRES AUTOS,3.0,,,,,,,,,0.0,,Longo da via,Bom,Sem defeito,Perfeito estado,Seca,Perfeito estado,,Não há placas,60 km/h,Dupla,Faixa contínua,Faixa seccionada,Canteiro central
50,FIXO,Portaria 066/2007,FSMTD - 0519,FS017,AV RECIFE,CEASA,-8.1005774,-34.9280712,3,60,39000,dez/19,2020-01-21,22:25:00,SEM VÍTIMA,FINALIZADA,IPSEP,AV RECIFE,,,EM FRENTE AO SEMÁFORO 016,IPSEP,16.0,CIDADE,COLISÃO TRASEIRA,COLISAO SEM VITIMAS,3.0,,,,,,,,,0.0,,Longo da via,Bom,Sem defeito,Perfeito estado,Seca,Perfeito estado,Não existe,Não há placas,,Dupla,Faixa contínua,,
50,FIXO,Portaria 066/2007,FSMTD - 0519,FS017,AV RECIFE,CEASA,-8.1005774,-34.9280712,3,60,39000,dez/19,2020-01-24,14:13:00,SEM VÍTIMA,FINALIZADA,IBURA,AV RECIFE,3672,,MAXI RATIFICA,IBURA,,CIDADE,COLISÃO TRASEIRA,COLISÃO SEM VITIMA,2.0,,,,,,,,,0.0,,Longo da via,Bom,Não existe,Perfeito estado,Seca,Perfeito estado,Não existe,R-6a,,Dupla,Canteiro central,,
50,FIXO,Portaria 066/2007,FSMTD - 0519,FS017,AV RECIFE,CEASA,-8.1005774,-34.9280712,3,60,39000,dez/19,2020-01-25,19:37:00,COM VÍTIMA,FINALIZADA,IBURA,AV RECIFE,,AV DOM HELDER CAMARA,E/F AO POSTO SHELL/ EXTRAFARMA,IBURA,55.0,CIDADE,COLISÃO COM CICLISTA,AUTO PASSEIO X CICLISTA COM VÍTIMA,1.0,,,1.0,,,,,,1.0,,Longo da via,Bom,Sem defeito,Incompleta,Seca,Perfeito estado,Não existe,Não há placas,,Única,Não existe,,
50,FIXO,Portaria 066/2007,FSMTD - 0519,FS017,AV RECIFE,CEASA,-8.1005774,-34.9280712,3,60,39000,dez/19,2020-01-27,18:29:00,COM VÍTIMA,FINALIZADA,IPSEP,AV RECIFE,,,LADO OPOSTO A PADARIA VILA DO PÃO,IPSEP,,CIDADE,COLISÃO TRASEIRA,ENTRE AUTO PASSEIO X CARROÇA COM VÍTIMA. APÓS A COLISÃO NA CARROÇA- ELA COLIDIU COM UM TERCEIRO ENVOLVIDO.,2.0,,,,,,,,1.0,1.0,,Longo da via,Bom,Não existe,Perfeito estado,Seca,Perfeito estado,Não existe,Outras,60 km/h,Dupla,Faixa contínua,Faixa seccionada,Canteiro central
50,FIXO,Portaria 066/2007,FSMTD - 0519,FS017,AV RECIFE,CEASA,-8.1005774,-34.9280712,3,60,39000,dez/19,2020-01-28,15:49:00,SEM VÍTIMA,FINALIZADA,AREIAS,AV RECIFE,4084,,LADO OPOSTO AO BIG BOMPREÇO,AREIAS,599.0,SUBURBIO,COLISÃO TRASEIRA,COLISÃO SEM VITIMA,1.0,1.0,,,,,,,,0.0,,Longo da via,Bom,Sem defeito,Perfeito estado,Seca,Perfeito estado,Faixa de pedestre,Outras,,Dupla,Canteiro central,,
50,FIXO,Portaria 066/2007,FSMTD - 0519,FS017,AV RECIFE,CEASA,-8.1005774,-34.9280712,3,60,39000,dez/19,2020-01-28,19:01:00,COM VÍTIMA,FINALIZADA,AREIAS,AV RECIFE,580,AV TAPAJOS,PROX AO POSTO BR SENTIDO BOA VIAGEM,AREIAS,620.0,CIDADE,ABALROAMENTO LONGITUDINAL,MOTO X FIAT MOBI,1.0,1.0,,,,,,,,1.0,,Longo da via,Bom,Sem defeito,Perfeito estado,Seca,Perfeito estado,Faixa de pedestre,R-4a,,Dupla,Canteiro central,,
50,FIXO,Portaria 066/2007,FSMTD - 0519,FS017,AV RECIFE,CEASA,-8.1005774,-34.9280712,3,60,39000,dez/19,2020-01-29,09:36:00,SEM VÍTIMA,FINALIZADA,AREIAS,AV RECIFE,204,,MESTRE BATERIAS,AREIAS,,,COLISÃO TRASEIRA,DOIS AUTOS,2.0,,,,,,,,,0.0,,Longo da via,Bom,Não existe,Incompleta,Seca,Perfeito estado,Não existe,Não há placas,60 km/h,Dupla,Canteiro central,,
50,FIXO,Portaria 066/2007,FSMTD - 0519,FS017,AV RECIFE,CEASA,-8.1005774,-34.9280712,3,60,39000,dez/19,2020-01-29,11:11:00,SEM VÍTIMA,FINALIZADA,AREIAS,AV RECIFE,204,,FILA FRIO EQUIPAMENTOS,AREIAS,621.0,,COLISÃO TRASEIRA,,3.0,,,,,,,,,0.0,,Longo da via,Bom,Sem defeito,Ilegível,Seca,Perfeito estado,Faixa de pedestre,Não há placas,,Dupla,Canteiro central,,
50,FIXO,Portaria 066/2007,FSMTD - 0519,FS017,AV RECIFE,CEASA,-8.1005774,-34.9280712,3,60,39000,dez/19,2020-02-01,08:10:00,SEM VÍTIMA,CANCELADA,IPSEP,AV RECIFE,2775,,E/F A LOJA IBEX (SENT. BR101),IPSEP,,,COLISÃO,COLISÃO S/VITIMAS ENTRE UM ONIBUS E UM AUTO,1.0,,,,,1.0,,,,0.0,,,,,,,,,,,,,,
50,FIXO,Portaria 066/2007,FSMTD - 0519,FS017,AV RECIFE,CEASA,-8.1005774,-34.9280712,3,60,39000,dez/19,2020-02-06,14:22:00,COM VÍTIMA,FINALIZADA,IPSEP,AV RECIFE,2802,,AO LADO DA MARAVILHA MOTOS/ SENTIDO CEASA,IPSEP,16.0,CIDADE,ABALROAMENTO LONGITUDINAL,COLISÃO COM VÍTIMA/ COELHO DE PO ESTA NO LOCAL,1.0,1.0,,,,,,,,2.0,,Longo da via,Bom,Sem defeito,Perfeito estado,Seca,Perfeito estado,Agente,R-6a,60 km/h,Dupla,Canteiro central,,
50,FIXO,Portaria 066/2007,FSMTD - 0519,FS017,AV RECIFE,CEASA,-8.1005774,-34.9280712,3,60,39000,dez/19,2020-02-07,14:23:00,SEM VÍTIMA,FINALIZADA,AREIAS,AV RECIFE,,AV CAPITAO GREGORIO DE CALDAS,BIG BROMPREÇO,AREIAS,494.0,SUBURBIO,ABALROAMENTO TRANSVERSAL,COLISAO SEM VITIMAS,1.0,,,,,1.0,,,,0.0,,Longo da via,Bom,Sem defeito,Perfeito estado,Seca,Perfeito estado,Faixa de pedestre,Outras,,Única,Faixa seccionada,,
50,FIXO,Portaria 066/2007,FSMTD - 0519,FS017,AV RECIFE,CEASA,-8.1005774,-34.9280712,3,60,39000,dez/19,2020-02-08,08:22:00,COM VÍTIMA,FINALIZADA,IPSEP,AV RECIFE,1470,,EM FRENTE AO POSTO BR,IPSEP,,AEROPORTO,COLISÃO TRASEIRA,MOTO E AUTO,1.0,1.0,,,,,,,,1.0,,Longo da via,Bom,Não existe,Perfeito estado,Seca,Perfeito estado,Não existe,Outras,60 km/h,Dupla,Canteiro central,,
50,FIXO,Portaria 066/2007,FSMTD - 0519,FS017,AV RECIFE,CEASA,-8.1005774,-34.9280712,3,60,39000,dez/19,2020-02-08,11:33:00,SEM VÍTIMA,FINALIZADA,AREIAS,AV RECIFE,,AV RECIFE,EM FRENTE AO SEMÁFORO 620,AREIAS,620.0,SUBURBIO,COLISÃO TRASEIRA,TRES AUTOS,3.0,,,,,,,,,0.0,,Longo da via,Bom,Sem defeito,Perfeito estado,Seca,Perfeito estado,Faixa de pedestre,Não há placas,,Dupla,Canteiro central,,
50,FIXO,Portaria 066/2007,FSMTD - 0519,FS017,AV RECIFE,CEASA,-8.1005774,-34.9280712,3,60,39000,dez/19,2020-02-08,14:54:00,SEM VÍTIMA,FINALIZADA,ESTÂNCIA,AV RECIFE,,,EM FRENTE AO SEMÁFORO Nº 261,ESTÂNCIA,261.0,SUBURBIO,COLISÃO TRASEIRA,COLISAO SEM VITIMAS,2.0,,,,,,,,,0.0,,Longo da via,Bom,Sem defeito,Perfeito estado,Seca,Perfeito estado,Faixa de pedestre,Não há placas,,Dupla,Canteiro central,,
50,FIXO,Portaria 066/2007,FSMTD - 0519,FS017,AV RECIFE,CEASA,-8.1005774,-34.9280712,3,60,39000,dez/19,2020-02-09,15:14:00,SEM VÍTIMA,FINALIZADA,IPSEP,AV RECIFE,3335,,,IPSEP,,,COLISÃO TRASEIRA,COLISÃO SEM VÍTIMA,2.0,,,,,,,,,0.0,,Longo da via,Bom,Sem defeito,Perfeito estado,Seca,Perfeito estado,Faixa de pedestre,Outras,,Dupla,Canteiro central,,
50,FIXO,Portaria 066/2007,FSMTD - 0519,FS017,AV RECIFE,CEASA,-8.1005774,-34.9280712,3,60,39000,dez/19,2020-02-09,17:34:00,COM VÍTIMA,FINALIZADA,IPSEP,AV RECIFE,652,,LADO OPOSTO A FALCAO EQUIPADORA /SENTIDO CEASA,IPSEP,,CIDADE,COLISÃO TRASEIRA,COLISAO COM VITIMA,1.0,1.0,,,,,,,,1.0,,Longo da via,Bom,Não existe,Perfeito estado,Seca,Perfeito estado,Não existe,R-6a,,Dupla,Faixa seccionada,,
50,FIXO,Portaria 066/2007,FSMTD - 0519,FS017,AV RECIFE,CEASA,-8.1005774,-34.9280712,3,60,39000,dez/19,2020-02-11,08:59:00,SEM VÍTIMA,CANCELADA,CAÇOTE,AV RECIFE,3777,,E/F AO BIG BOMPREÇO,CAÇOTE,,,COLISÃO,COLISÃO S/VITIMAS ENTRE UMA MOTO E UM AUTO,1.0,1.0,,,,,,,,0.0,,,,,,,,,,,,,,
50,FIXO,Portaria 066/2007,FSMTD - 0519,FS017,AV RECIFE,CEASA,-8.1005774,-34.9280712,3,60,39000,dez/19,2020-02-11,11:04:00,COM VÍTIMA,FINALIZADA,IPSEP,AV RECIFE,3033,,LADO OPOSTO A ORTONOBRE COLCHÕES,IPSEP,,SUBURBIO,COLISÃO TRASEIRA,COLISÃO C/VITIMA ENTRE UMA MOTO E UM AUTO,1.0,1.0,,,,,,,,1.0,,Longo da via,Bom,Não existe,Perfeito estado,Seca,Perfeito estado,Não existe,Não há placas,,Única,Faixa seccionada,,
50,FIXO,Portaria 066/2007,FSMTD - 0519,FS017,AV RECIFE,CEASA,-8.1005774,-34.9280712,3,60,39000,dez/19,2020-02-12,10:01:00,SEM VÍTIMA,CANCELADA,JARDIM SÃO PAULO,AV RECIFE,5555,,PROX. A JUSTIÇA FEDERAL- SENT. BOA VIAGEM,JARDIM SÃO PAULO,,,ENGAVETAMENTO,CINCO AUTOS,5.0,,,,,,,,,0.0,,,,,,,,,,,,,,
50,FIXO,Portaria 066/2007,FSMTD - 0519,FS017,AV RECIFE,CEASA,-8.1005774,-34.9280712,3,60,39000,dez/19,2020-02-14,10:40:00,SEM VÍTIMA,FINALIZADA,IBURA,AV RECIFE,,AV DOM HELDER CAMARA,AO LADO DO POSTO POLICIAL / SENT IPSEP,IBURA,16.0,SUBURBIO,COLISÃO,CAMINHAO E TAXI,1.0,,,,,,1.0,,,0.0,,Longo da via,Bom,Sem defeito,Perfeito estado,Seca,Perfeito estado,Faixa de pedestre,Não há placas,,Dupla,Canteiro central,,
50,FIXO,Portaria 066/2007,FSMTD - 0519,FS017,AV RECIFE,CEASA,-8.1005774,-34.9280712,3,60,39000,dez/19,2020-02-14,15:40:00,SEM VÍTIMA,FINALIZADA,IPSEP,AV RECIFE,2967,,E/F AO POSTO FEDERAL S/T BOA VIAGEM,IPSEP,,AEROPORTO,COLISÃO,COLISAO ENTRE DOIS AUTOS S/V,2.0,,,,,,,,,0.0,,Longo da via,Bom,Não existe,Perfeito estado,Seca,Perfeito estado,Não existe,Não há placas,,Dupla,Canteiro central,,
50,FIXO,Portaria 066/2007,FSMTD - 0519,FS017,AV RECIFE,CEASA,-8.1005774,-34.9280712,3,60,39000,dez/19,2020-02-14,16:37:00,SEM VÍTIMA,FINALIZADA,IPSEP,AV RECIFE,,RUA FRANCISCO BARRETO,NUCLIO DA POLICIA MILITA// EXTRA FARMA,IPSEP,55.0,CIDADE,COLISÃO,COLISAO ENTRE ONIBUS E VEICULO,1.0,,,,,1.0,,,,0.0,,Cruzamento,Bom,Sem defeito,Perfeito estado,Seca,Perfeito estado,Faixa de pedestre,Não há placas,,Dupla,Canteiro central,,
50,FIXO,Portaria 066/2007,FSMTD - 0519,FS017,AV RECIFE,CEASA,-8.1005774,-34.9280712,3,60,39000,dez/19,2020-02-18,08:23:00,SEM VÍTIMA,FINALIZADA,AREIAS,AV RECIFE,,AV CAPITAO GREGORIO DE CALDAS,NA ENTRADA DA VILA CARDEAL  AO LADO DO BIG BOM PREÇO,AREIAS,494.0,CIDADE,COLISÃO,COLISÃO SEM VITIMAS,1.0,,,,,1.0,,,,0.0,,Esquina,Bom,Sem defeito,Incompleta,Seca,Perfeito estado,Faixa de pedestre,Não há placas,,Dupla,Faixa seccionada,,
50,FIXO,Portaria 066/2007,FSMTD - 0519,FS017,AV RECIFE,CEASA,-8.1005774,-34.9280712,3,60,39000,dez/19,2020-02-18,10:04:00,SEM VÍTIMA,FINALIZADA,ESTÂNCIA,AV RECIFE,5516,,EM FRENTE Á IMPERIAL EQUIPAMENROS,ESTÂNCIA,,CIDADE,COLISÃO,COLISAO SEM VITIMAS,2.0,,,,,,,,,0.0,,Longo da via,Bom,Não existe,Perfeito estado,Seca,Perfeito estado,Não existe,Não há placas,,Dupla,Faixa seccionada,,
50,FIXO,Portaria 066/2007,FSMTD - 0519,FS017,AV RECIFE,CEASA,-8.1005774,-34.9280712,3,60,39000,dez/19,2020-02-20,10:22:00,SEM VÍTIMA,FINALIZADA,JARDIM SÃO PAULO,AV RECIFE,,AV JOAO CABRAL DE MELO NETO,EM FRENTE CERPE,JARDIM SÃO PAULO,259.0,SUBURBIO,COLISÃO,TRES AUTOS / GM AUGUSTO P.O,3.0,,,,,,,,,0.0,,Cruzamento,Bom,Sem defeito,Perfeito estado,Seca,Perfeito estado,Faixa de pedestre,Outras,60 km/h,Dupla,Canteiro central,,
50,FIXO,Portaria 066/2007,FSMTD - 0519,FS017,AV RECIFE,CEASA,-8.1005774,-34.9280712,3,60,39000,dez/19,2020-02-20,10:54:00,SEM VÍTIMA,FINALIZADA,ESTÂNCIA,AV RECIFE,5516,,EM FRENTE LOJA MESTRE DAS BATERIAS,ESTÂNCIA,,,COLISÃO,COLISÃO SEM VITIMAS LAIS ARAUJO QTH,1.0,,,,,,1.0,,,0.0,,Longo da via,Bom,Não existe,Incompleta,Seca,Perfeito estado,Não existe,Outras,60 km/h,Dupla,Canteiro central,,
50,FIXO,Portaria 066/2007,FSMTD - 0519,FS017,AV RECIFE,CEASA,-8.1005774,-34.9280712,3,60,39000,dez/19,2020-02-21,03:11:00,COM VÍTIMA,FINALIZADA,IBURA,AV RECIFE,,RUA SAO NICOLAU,PRÓX A CASA DAS BATERIAS // MARAVILHA MOTOS,IBURA,16.0,CIDADE,ABALROAMENTO TRANSVERSAL,COLISÃO ENTRE DOIS AUTOS- C/V,2.0,,,,,,,,,1.0,,Cruzamento,Bom,Sem defeito,Perfeito estado,Seca,Perfeito estado,Faixa de pedestre,R-6a,,Dupla,Canteiro central,,
50,FIXO,Portaria 066/2007,FSMTD - 0519,FS017,AV RECIFE,CEASA,-8.1005774,-34.9280712,3,60,39000,dez/19,2020-02-24,05:49:00,SEM VÍTIMA,CANCELADA,IPSEP,AV RECIFE,2586,,EM FRENTE AO POSTO DE GASOLINA SHELL- SENT. BOA VIAGEM,IPSEP,,,COLISÃO,DOIS ONIBUS,,,,,,2.0,,,,0.0,,,,,,,,,,,,,,
50,FIXO,Portaria 066/2007,FSMTD - 0519,FS017,AV RECIFE,CEASA,-8.1005774,-34.9280712,3,60,39000,dez/19,2020-02-27,09:21:00,SEM VÍTIMA,FINALIZADA,IPSEP,AV RECIFE,2688,,,IPSEP,16.0,,ABALROAMENTO LONGITUDINAL,COLISÃO SEM VITIMA,1.0,,,,,,,,1.0,0.0,,Longo da via,Bom,Sem defeito,Perfeito estado,Seca,Perfeito estado,Faixa de retenção,R-6a,,Dupla,Faixa seccionada,Canteiro central,
50,FIXO,Portaria 066/2007,FSMTD - 0519,FS017,AV RECIFE,CEASA,-8.1005774,-34.9280712,3,60,39000,dez/19,2020-02-28,09:15:00,SEM VÍTIMA,FINALIZADA,ESTÂNCIA,AV RECIFE,493,,ERIC EQUIPADORA,ESTÂNCIA,,,COLISÃO TRASEIRA,COLISÃO SEM VÍTIMA,1.0,,,,,,,,1.0,0.0,,Longo da via,Bom,Sem defeito,Perfeito estado,Seca,,Faixa de pedestre,Outras,,Única,Canteiro central,,
50,FIXO,Portaria 066/2007,FSMTD - 0519,FS017,AV RECIFE,CEASA,-8.1005774,-34.9280712,3,60,39000,dez/19,2020-03-02,18:46:00,SEM VÍTIMA,FINALIZADA,ESTÂNCIA,AV RECIFE,438,,EM FRENTE AO Nº 532,ESTÂNCIA,,,COLISÃO TRASEIRA,JAC X CLASSIC X ECOSPORT,3.0,,,,,,,,,0.0,,Longo da via,Bom,Não existe,Perfeito estado,Seca,Perfeito estado,Não existe,Não há placas,60 km/h,Dupla,Faixa seccionada,Canteiro central,
50,FIXO,Portaria 066/2007,FSMTD - 0519,FS017,AV RECIFE,CEASA,-8.1005774,-34.9280712,3,60,39000,dez/19,2020-03-05,17:29:00,SEM VÍTIMA,FINALIZADA,JARDIM SÃO PAULO,AV RECIFE,625,,AO LADO DO Nº 625,JARDIM SÃO PAULO,,SUBURBIO,ABALROAMENTO LONGITUDINAL,COLISAO S/ VITIMA ENTRE UM ONIBUS E UM VEICULO,1.0,,,,,1.0,,,,0.0,,Longo da via,Bom,Não existe,Perfeito estado,Seca,,Não existe,Não há placas,,Dupla,Faixa seccionada,Canteiro central,
50,FIXO,Portaria 066/2007,FSMTD - 0519,FS017,AV RECIFE,CEASA,-8.1005774,-34.9280712,3,60,39000,dez/19,2020-03-07,19:16:00,SEM VÍTIMA,CANCELADA,ESTÂNCIA,AV RECIFE,,,E/F A ANTIGA ROYALL E POSTO SHELL / APÓS O MACKRO,ESTÂNCIA,,,COLISÃO,ENTRE 2 AUTOS. S/V,2.0,,,,,,,,,0.0,,,,,,,,,,,,,,
50,FIXO,Portaria 066/2007,FSMTD - 0519,FS017,AV RECIFE,CEASA,-8.1005774,-34.9280712,3,60,39000,dez/19,2020-03-08,00:17:00,SEM VÍTIMA,FINALIZADA,IPSEP,AV RECIFE,3045,,EM FRENTE AO POSTO FEDERAL,IPSEP,,CIDADE,CHOQUE OBJETO FIXO,VEÍCULO CHOCOU-SE CONTRA UM POSTE.,1.0,,,,,,,,,0.0,,Longo da via,Bom,Não existe,Perfeito estado,Seca,Perfeito estado,Não existe,Não há placas,60 km/h,Dupla,Faixa seccionada,Canteiro central,
50,FIXO,Portaria 066/2007,FSMTD - 0519,FS017,AV RECIFE,CEASA,-8.1005774,-34.9280712,3,60,39000,dez/19,2020-03-08,13:26:00,SEM VÍTIMA,FINALIZADA,ESTÂNCIA,AV RECIFE,,RUA MAESTRO ALCIDES LEAO,AO LADO DO MOTEL ESTORIL,ESTÂNCIA,,SUBURBIO,ABALROAMENTO LONGITUDINAL,COLISAO S/ VITIMA ENTRE DOIS VEICULOS,2.0,,,,,,,,,0.0,,Longo da via,Bom,Não existe,,Seca,,Não existe,R-6a,,Dupla,Canteiro central,,
50,FIXO,Portaria 066/2007,FSMTD - 0519,FS017,AV RECIFE,CEASA,-8.1005774,-34.9280712,3,60,39000,dez/19,2020-03-08,19:39:00,COM VÍTIMA,FINALIZADA,AREIAS,AV RECIFE,657,,PROX AO MAKRO,AREIAS,,BR 101,COLISÃO,COLISAO COM VITIMAS,,1.0,,,,1.0,,,,1.0,,Longo da via,Bom,Não existe,Perfeito estado,Seca,Perfeito estado,Não existe,Não há placas,,Dupla,Canteiro central,,
50,FIXO,Portaria 066/2007,FSMTD - 0519,FS017,AV RECIFE,CEASA,-8.1005774,-34.9280712,3,60,39000,dez/19,2020-03-09,08:09:00,SEM VÍTIMA,FINALIZADA,AREIAS,AV RECIFE,,,LADO OPOSTO AO BIG BOMPREÇO,AREIAS,,SUBURBIO,COLISÃO TRASEIRA,TRES AUTOS,3.0,,,,,,,,,0.0,,Longo da via,Bom,Não existe,Perfeito estado,Seca,Perfeito estado,Não existe,Não há placas,,Dupla,Faixa seccionada,Canteiro central,
50,FIXO,Portaria 066/2007,FSMTD - 0519,FS017,AV RECIFE,CEASA,-8.1005774,-34.9280712,3,60,39000,dez/19,2020-03-09,17:16:00,SEM VÍTIMA,FINALIZADA,IPSEP,AV RECIFE,,,CARLOS FILMS EQUIPADORA,IPSEP,319.0,,COLISÃO TRASEIRA,COLISAO S/ VITIMA ENTRE DOIS VEICULOS,2.0,,,,,,,,,0.0,,Longo da via,Bom,Sem defeito,Perfeito estado,Seca,Perfeito estado,Faixa de pedestre,Outras,60 km/h,Dupla,Faixa contínua,Faixa seccionada,Canteiro central
50,FIXO,Portaria 066/2007,FSMTD - 0519,FS017,AV RECIFE,CEASA,-8.1005774,-34.9280712,3,60,39000,dez/19,2020-03-09,19:43:00,COM VÍTIMA,CANCELADA,IPSEP,AV RECIFE,2785,,PROX A FARMACIA PAGUEMENOS E MERCANTIL BATERIAS //SENTIDO CAXANGA,IPSEP,,,COLISÃO,MOTO X HB 20,1.0,1.0,,,,,,,,1.0,,,,,,,,,,,,,,
50,FIXO,Portaria 066/2007,FSMTD - 0519,FS017,AV RECIFE,CEASA,-8.1005774,-34.9280712,3,60,39000,dez/19,2020-03-12,12:07:00,SEM VÍTIMA,FINALIZADA,IPSEP,AV RECIFE,,,LADO OPOSTO AO Nº 2447,IPSEP,55.0,,COLISÃO TRASEIRA,COLISAO S/V,2.0,,,,,,,,,0.0,,Longo da via,Chuvoso,Sem defeito,Perfeito estado,Seca,Perfeito estado,Não existe,R-6a,,Dupla,Faixa seccionada,Canteiro central,
50,FIXO,Portaria 066/2007,FSMTD - 0519,FS017,AV RECIFE,CEASA,-8.1005774,-34.9280712,3,60,39000,dez/19,2020-03-13,19:00:00,SEM VÍTIMA,FINALIZADA,IPSEP,AV RECIFE,,,LADO OPOSTO AO NÚMERO 2763,IPSEP,,SUBURBIO,COLISÃO TRASEIRA,COLISÃO SEM VITIMAS,4.0,,,,,,,,,0.0,,Longo da via,Bom,Não existe,Perfeito estado,Seca,Perfeito estado,Não existe,R-6a,,Dupla,Canteiro central,,
50,FIXO,Portaria 066/2007,FSMTD - 0519,FS017,AV RECIFE,CEASA,-8.1005774,-34.9280712,3,60,39000,dez/19,2020-03-15,19:02:00,SEM VÍTIMA,FINALIZADA,AREIAS,AV RECIFE,,,LADO OPOSTO AO GALETUS,AREIAS,,,COLISÃO TRASEIRA,SIENA X PALIO,2.0,,,,,,,,,0.0,,Longo da via,Bom,Sem defeito,Perfeito estado,Seca,Perfeito estado,,,,Dupla,,,