_id,tipo_equipamento,registro_inmetro,numero_serie_fabricante,identificacao_equipamento,local_instalacao,sentido_fiscalizacao,latitude,longitude,faixas_fiscalizadas,velocidade_fiscalizada,vmd,periodo_vmd,data,hora,natureza_acidente,situacao,bairro,endereco,numero,detalhe_endereco_acidente,complemento,bairro_cruzamento,num_semaforo,sentido_via,tipo,descricao,auto,moto,ciclom,ciclista,pedestre,onibus,caminhao,viatura,outros,vitimas,vitimasfatais,acidente_verificado,tempo_clima,situacao_semaforo,sinalizacao,condicao_via,conservacao_via,ponto_controle,situacao_placa,velocidade_max_via,mao_direcao,divisao_via1,divisao_via2,divisao_via3
50,FIXO,Portaria 066/2007,FSMTD - 0519,FS017,AV RECIFE,CEASA,-8.1005774,-34.9280712,3,60,39000,dez/19,2020-04-22,14:06:00,SEM VÍTIMA,FINALIZADA,IPSEP,AV RECIFE,3033,,EM FRENTE AO Nº 3033,IPSEP,,,COLISÃO FRONTAL,HR: YYYY X Classic: ZZZ - COLISÃO FRONTAL,1.0,1.0,,,,,,,,0.0,,Longo da via,Chuvoso,Não existe,Perfeito estado,Molhada,Perfeito estado,Não existe,Não há placas,,Dupla,Canteiro central,,
50,FIXO,Portaria 066/2007,FSMTD - 0519,FS017,AV RECIFE,CEASA,-8.1005774,-34.9280712,3,60,39000,dez/19,2020-04-25,14:00:00,COM VÍTIMA,FINALIZADA,ESTÂNCIA,AV RECIFE,271,AV ESTANCIA,PROX AO MAKRO,ESTÂNCIA,,BOA VIAGEM,TOMBAMENTO,MOTOQUERIO CAIU SOZINHO,,1.0,,,,,,,,1.0,,Longo da via,Bom,Não existe,Perfeito estado,Seca,Perfeito estado,Não existe,Não há placas,,Dupla,Faixa contínua,Canteiro central,Blocos
50,FIXO,Portaria 066/2007,FSMTD - 0519,FS017,AV RECIFE,CEASA,-8.1005774,-34.9280712,3,60,39000,dez/19,2020-05-09,07:23:00,SEM VÍTIMA,CANCELADA,IPSEP,AV RECIFE,,,SAÍDA DO IBURA,IPSEP,,,CHOQUE,ÔNIBUS CHOCOU SE COM POSTE QUE FICOU POSTE- QUE CAIO SOBRE OUTRO VEÍCULO.,,,,,,1.0,,,,0.0,,,,,,,,,,,,,,
50,FIXO,Portaria 066/2007,FSMTD - 0519,FS017,AV RECIFE,CEASA,-8.1005774,-34.9280712,3,60,39000,dez/19,2020-05-09,07:47:00,SEM VÍTIMA,CANCELADA,IPSEP,AV RECIFE,,,,IPSEP,,,ACID. DE PERCURSO,,1.0,,,,,,,,,0.0,,,,,,,,,,,,,,
50,FIXO,Portaria 066/2007,FSMTD - 0519,FS017,AV RECIFE,CEASA,-8.1005774,-34.9280712,3,60,39000,dez/19,2020-05-28,18:27:00,COM VÍTIMA,FINALIZADA,IPSEP,AV RECIFE,2776,,FRENTE A PIZZARIA ATLANTICO,IPSEP,,SUBURBIO,ABALROAMENTO LONGITUDINAL,COLISÃO COM VITIMA ENTRE ONIBUS E MOTO,,1.0,,,,1.0,,,,1.0,,Longo da via,Bom,Sem defeito,Perfeito estado,Seca,Perfeito estado,Não existe,R-6a,,Dupla,Canteiro central,,
50,FIXO,Portaria 066/2007,FSMTD - 0519,FS017,AV RECIFE,CEASA,-8.1005774,-34.9280712,3,60,39000,dez/19,2020-06-02,12:21:00,VÍTIMA FATAL,FINALIZADA,IPSEP,AV RECIFE,3532,RUA CORONEL MURTA,POSTO PETROBRAS,IPSEP,,CIDADE,ATROPELAMENTO,ATROPELAMENTO COM VÍTIMA FATAL,1.0,,,,1.0,,,,,,1.0,Cruzamento,Bom,Não existe,Incompleta,Seca,Perfeito estado,Não existe,Não há placas,,Dupla,Canteiro central,,
50,FIXO,Portaria 066/2007,FSMTD - 0519,FS017,AV RECIFE,CEASA,-8.1005774,-34.9280712,3,60,39000,dez/19,2020-06-21,12:22:00,COM VÍTIMA,FINALIZADA,AREIAS,AV RECIFE,,RUA AURORA CACOTE,EM FRENTE AO HOSPITAL DE AREIAS. CHURRASCARIA E PIZZARIA GALETUS.,AREIAS,,BOA VIAGEM,ABALROAMENTO TRANSVERSAL,AUTO E MOTO.,1.0,,1.0,,,,,,,1.0,,Esquina,Bom,Não existe,Perfeito estado,Seca,Mal conservada,Não existe,Placas Pare,60 km/h,Dupla,Canteiro central,,
50,FIXO,Portaria 066/2007,FSMTD - 0519,FS017,AV RECIFE,CEASA,-8.1005774,-34.9280712,3,60,39000,dez/19,2020-06-24,14:16:00,COM VÍTIMA,CANCELADA,ESTÂNCIA,AV RECIFE,,,EM FRENTE AO MAKRO/ SENTIDO CAXANGA,ESTÂNCIA,,,COLISÃO,COLISÃO COM VÍTIMA,1.0,1.0,,,,,,,,1.0,,,,,,,,,,,,,,
50,FIXO,Portaria 066/2007,FSMTD - 0519,FS017,AV RECIFE,CEASA,-8.1005774,-34.9280712,3,60,39000,dez/19,2020-06-26,14:43:00,SEM VÍTIMA,FINALIZADA,IPSEP,AV RECIFE,,AV TAPAJOS,LADO OPOSTO DO POSTO BR VT 21 NO LOCAL,IPSEP,620.0,,COLISÃO,COLISAO ENTRE AUTO E UM CAMINHAO,1.0,,,,,,1.0,,,0.0,,Cruzamento,Chuvoso,Sem defeito,Perfeito estado,Outros,Perfeito estado,Faixa de pedestre,,,Dupla,Faixa seccionada,Canteiro central,
50,FIXO,Portaria 066/2007,FSMTD - 0519,FS017,AV RECIFE,CEASA,-8.1005774,-34.9280712,3,60,39000,dez/19,2020-07-02,08:57:00,COM VÍTIMA,FINALIZADA,IPSEP,AV RECIFE,3460,AV RAIMUNDO DINIZ,EM FRENTE A LOJA JJK AUTOS,IPSEP,247.0,CIDADE,ABALROAMENTO TRANSVERSAL,COLISÃO ENTRE AUTO E MOTO COM VÍTIMA,1.0,1.0,,,,,,,,2.0,,Esquina,Bom,Desligado,Perfeito estado,Seca,Perfeito estado,Faixa de pedestre,Outras,60 km/h,Única,Faixa seccionada,,
50,FIXO,Portaria 066/2007,FSMTD - 0519,FS017,AV RECIFE,CEASA,-8.1005774,-34.9280712,3,60,39000,dez/19,2020-07-09,11:48:00,COM VÍTIMA,FINALIZADA,IPSEP,AV RECIFE,,,APÓS O SAL E BRASA. PONTO DE ÔNIBUS Nº 020133.,IPSEP,393.0,CEASA,COLISÃO COM CICLISTA,ÔNIBUS E BICICLETA.,,,,1.0,,1.0,,,,1.0,,Longo da via,Bom,Sem defeito,Perfeito estado,Seca,Perfeito estado,Faixa de pedestre,R-32,60 km/h,Dupla,Canteiro central,,
50,FIXO,Portaria 066/2007,FSMTD - 0519,FS017,AV RECIFE,CEASA,-8.1005774,-34.9280712,3,60,39000,dez/19,2020-07-13,08:54:00,COM VÍTIMA,FINALIZADA,AREIAS,AV RECIFE,,,PROX AO MAKRO. LADO OPOSTO AO POSTO BR,AREIAS,620.0,AEROPORTO,ABALROAMENTO LONGITUDINAL,C/VITIMAS- ENTRE MOTO E AUTO.AUTO EVADIU,,1.0,,,,,,,,1.0,,Longo da via,Bom,Sem defeito,Incompleta,Seca,Perfeito estado,Faixa de retenção,Outras,60 km/h,Dupla,Canteiro central,,
50,FIXO,Portaria 066/2007,FSMTD - 0519,FS017,AV RECIFE,CEASA,-8.1005774,-34.9280712,3,60,39000,dez/19,2020-07-21,09:13:00,COM VÍTIMA,CANCELADA,AREIAS,AV RECIFE,,,EM FRENTE AO PAM DE AREIAS,AREIAS,,,COLISÃO,,,,,,,,,,,3.0,,,,,,,,,,,,,,
50,FIXO,Portaria 066/2007,FSMTD - 0519,FS017,AV RECIFE,CEASA,-8.1005774,-34.9280712,3,60,39000,dez/19,2020-07-29,09:28:00,COM VÍTIMA,FINALIZADA,IPSEP,AV RECIFE,1088,,EM FRENTE A CENTRAL DAS BATERIAS,IPSEP,,AEROPORTO,ABALROAMENTO LONGITUDINAL,COM UMA VITIMA AGUARDANDO SAMU/CTTU NO LOCAL BATEDORES NO LOCAL 03-28,,2.0,,,,,,,,1.0,,Longo da via,Chuvoso,Não existe,Perfeito estado,Molhada,Perfeito estado,Não existe,Não há placas,60 km/h,Dupla,Faixa contínua,Faixa seccionada,
50,FIXO,Portaria 066/2007,FSMTD - 0519,FS017,AV RECIFE,CEASA,-8.1005774,-34.9280712,3,60,39000,dez/19,2020-08-04,08:17:00,COM VÍTIMA,FINALIZADA,ESTÂNCIA,AV RECIFE,5583,,EM FRENTE AO POSTO BR- PROX A ENTRADA DE SAN MARTIM,ESTÂNCIA,,,COLISÃO TRASEIRA,COLISAO C VITIMA- ENVOLVENDO AUTO E MOTO,1.0,1.0,,,,,,,,1.0,,Longo da via,Bom,Não existe,Não existente,Seca,Perfeito estado,,Não há placas,60 km/h,Única,Canteiro central,,
50,FIXO,Portaria 066/2007,FSMTD - 0519,FS017,AV RECIFE,CEASA,-8.1005774,-34.9280712,3,60,39000,dez/19,2020-08-25,06:45:00,COM VÍTIMA,FINALIZADA,IPSEP,AV RECIFE,3021,,LADO OPOSTO AO POSTO FEDERAL SENTIDO AEROPORTO,IPSEP,,,ATROPELAMENTO,VEÍCULO PERDEU O CONTROLE E ATROPELOU PEDESTRE NA PARADA DE ÔNIBUS,1.0,,,,2.0,,,,,2.0,,Longo da via,Bom,Não existe,Perfeito estado,Seca,Perfeito estado,Não existe,Não há placas,,Dupla,Canteiro central,,
50,FIXO,Portaria 066/2007,FSMTD - 0519,FS017,AV RECIFE,CEASA,-8.1005774,-34.9280712,3,60,39000,dez/19,2020-08-27,18:56:00,COM VÍTIMA,FINALIZADA,ESTÂNCIA,AV RECIFE,880,,ENF A IGREJA BATISTA DA ESTANCIA SENTIDO CAXANGA,ESTÂNCIA,261.0,CIDADE,COLISÃO TRASEIRA,VW/GOL X HONDA/BROSS,1.0,1.0,,,,,,,,1.0,,Longo da via,Bom,Sem defeito,Perfeito estado,Seca,Perfeito estado,Faixa de pedestre,,60 km/h,Única,Faixa contínua,,
50,FIXO,Portaria 066/2007,FSMTD - 0519,FS017,AV RECIFE,CEASA,-8.1005774,-34.9280712,3,60,39000,dez/19,2020-08-31,03:46:00,COM VÍTIMA,FINALIZADA,IPSEP,AV RECIFE,165-C,,PRÓXIMO AO SAL E BRASA. AO LADO DA LOJA GILVAN DOS PARABRISAS.,IPSEP,319.0,IPSEP,ABALROAMENTO TRANSVERSAL,AUTO EMOTO.,1.0,1.0,,,,,,,,1.0,,Longo da via,Chuvoso,Sem defeito,,Molhada,Perfeito estado,,Outras,,Dupla,Canteiro central,,
50,FIXO,Portaria 066/2007,FSMTD - 0519,FS017,AV RECIFE,CEASA,-8.1005774,-34.9280712,3,60,39000,dez/19,2020-09-19,17:20:00,COM VÍTIMA,FINALIZADA,IPSEP,AV RECIFE,2677,,NA FRENTE DA PIZZARIA ATLANTICO,IPSEP,,SUBURBIO,ABALROAMENTO LONGITUDINAL,COLISÃO MOTO E CARRO,1.0,1.0,,,,,,,,1.0,,Longo da via,Bom,Sem defeito,Perfeito estado,Seca,Perfeito estado,,,,,,,
50,FIXO,Portaria 066/2007,FSMTD - 0519,FS017,AV RECIFE,CEASA,-8.1005774,-34.9280712,3,60,39000,dez/19,2020-09-23,14:41:00,COM VÍTIMA,FINALIZADA,ESTÂNCIA,AV RECIFE,,,APÓS O BIG BOM PREÇO. LADO OPOSTO A FARMÁCIA PAGUE MENOS.,ESTÂNCIA,,SUBURBIO,ABALROAMENTO LONGITUDINAL,MOTO X VEÍCULO,1.0,1.0,,,,,,,,1.0,,Longo da via,Bom,Sem defeito,Perfeito estado,Seca,Perfeito estado,Não existe,Outras,,Dupla,Canteiro central,,
50,FIXO,Portaria 066/2007,FSMTD - 0519,FS017,AV RECIFE,CEASA,-8.1005774,-34.9280712,3,60,39000,dez/19,2020-09-26,04:50:00,COM VÍTIMA,FINALIZADA,AREIAS,AV RECIFE,97,,EM FRENTE AO MAKRO SENTIDO UFPE- NA SUBIDA DO VIADUTO ULISSES GUIMARÃES.,AREIAS,,CIDADE,COLISÃO TRASEIRA,AUTO E MOTO.,1.0,1.0,,,,,,,,1.0,,Longo da via,Bom,Não existe,Perfeito estado,Seca,Mal conservada,Não existe,Não há placas,60 km/h,,Faixa seccionada,,
50,FIXO,Portaria 066/2007,FSMTD - 0519,FS017,AV RECIFE,CEASA,-8.1005774,-34.9280712,3,60,39000,dez/19,2020-10-02,16:24:00,COM VÍTIMA,FINALIZADA,AREIAS,AV RECIFE,758,,EM FRENTE A BRASIL VEÍCULOS/ SENTIDO CABO,AREIAS,,SUBURBIO,COLISÃO,COLISÃO COM VÍTIMA,,1.0,,,,,1.0,,,1.0,,Longo da via,Bom,Não existe,Perfeito estado,Seca,Perfeito estado,Não existe,Não há placas,60 km/h,Dupla,Canteiro central,,
50,FIXO,Portaria 066/2007,FSMTD - 0519,FS017,AV RECIFE,CEASA,-8.1005774,-34.9280712,3,60,39000,dez/19,2020-10-04,14:31:00,COM VÍTIMA,FINALIZADA,JARDIM SÃO PAULO,AV RECIFE,5635,RUA SENADOR ALBERTO PASQUALINI,EM FRENTE A ESQUINA DO GALETO/ SENTIDO CENTRO,JARDIM SÃO PAULO,259.0,AEROPORTO,COLISÃO COM CICLISTA,COLISÃO COM VÍTIMA,1.0,,,1.0,,,,,,1.0,,Cruzamento,Bom,Sem defeito,Perfeito estado,Seca,Perfeito estado,Faixa de pedestre,R-6a,,Dupla,Canteiro central,,
50,FIXO,Portaria 066/2007,FSMTD - 0519,FS017,AV RECIFE,CEASA,-8.1005774,-34.9280712,3,60,39000,dez/19,2020-10-12,18:22:00,COM VÍTIMA,FINALIZADA,IPSEP,AV RECIFE,2856,,APÓS A ENTRADA DO IBURA. EM FRENTE A SÉRGIO'S MULTIMARCAS,IPSEP,,BR 101,COLISÃO TRASEIRA,COLISÃO COM DUAS MOTOS,,2.0,,,,,,,,2.0,,Longo da via,Bom,Não existe,Perfeito estado,Seca,Perfeito estado,Não existe,Não há placas,,Dupla,Canteiro central,,
50,FIXO,Portaria 066/2007,FSMTD - 0519,FS017,AV RECIFE,CEASA,-8.1005774,-34.9280712,3,60,39000,dez/19,2020-10-13,19:58:00,COM VÍTIMA,FINALIZADA,IPSEP,AV RECIFE,,AV DOM HELDER CAMARA,EM FRENTE A LOCADORA DE VANS DE RECIFE,IPSEP,16.0,SUBURBIO,ABALROAMENTO TRANSVERSAL,COLIÃO ENTRE AUTO E MOTO C/V- UM DOS CONDUTORES APRESENTA SINTOMAS DE EMBRIAGUEZ,1.0,1.0,,,,,,,,1.0,,Cruzamento,Bom,Sem defeito,Perfeito estado,Seca,Perfeito estado,Faixa de pedestre,Outras,,Única,Faixa contínua,Faixa seccionada,Canteiro central
50,FIXO,Portaria 066/2007,FSMTD - 0519,FS017,AV RECIFE,CEASA,-8.1005774,-34.9280712,3,60,39000,dez/19,2020-10-14,22:19:00,COM VÍTIMA,FINALIZADA,IPSEP,AV RECIFE,,AV SENADOR ROBERT KENNEDY,PROX AO CARLOS FUME E GILVAN DOS PARABRISAS,IPSEP,319.0,CIDADE,ABALROAMENTO LONGITUDINAL,SENTIDO PAM DE AREIAS (HOSPITAL),1.0,1.0,,,,,,,,1.0,,Longo da via,Bom,Sem defeito,Perfeito estado,Seca,Perfeito estado,Não existe,,,Única,,,
50,FIXO,Portaria 066/2007,FSMTD - 0519,FS017,AV RECIFE,CEASA,-8.1005774,-34.9280712,3,60,39000,dez/19,2020-10-15,18:28:00,COM VÍTIMA,FINALIZADA,IPSEP,AV RECIFE,2273B,,EM FRENTE A PIZZARIA ATLÂNTICO,IPSEP,,SUBURBIO,ABALROAMENTO LONGITUDINAL,COLISÃO ENTRE AUTO E MOTO C/V,1.0,1.0,,,,,,,,2.0,,Longo da via,Bom,Sem defeito,Perfeito estado,Seca,Perfeito estado,Não existe,R-6a,,Dupla,Canteiro central,,
50,FIXO,Portaria 066/2007,FSMTD - 0519,FS017,AV RECIFE,CEASA,-8.1005774,-34.9280712,3,60,39000,dez/19,2020-10-17,09:02:00,COM VÍTIMA,FINALIZADA,JARDIM SÃO PAULO,AV RECIFE,5460,,,JARDIM SÃO PAULO,,SUBURBIO,COLISÃO TRASEIRA,COM VÍTIMA,,1.0,,,,,1.0,,,1.0,,Longo da via,Bom,Não existe,Perfeito estado,Seca,Perfeito estado,,Não há placas,,Única,Faixa seccionada,,
50,FIXO,Portaria 066/2007,FSMTD - 0519,FS017,AV RECIFE,CEASA,-8.1005774,-34.9280712,3,60,39000,dez/19,2020-10-21,15:10:00,COM VÍTIMA,FINALIZADA,IPSEP,AV RECIFE,1600,AV PRESIDENTE KENNEDY,PROX A PONTE DO CAÇOTE. LADO OPOSTO AO NÚMERO INFORMADO.,IPSEP,212.0,BR 101,COLISÃO TRASEIRA,COLISAO ENTRE AUTO E MOTO COM VITIMA,1.0,1.0,,,,,,,,1.0,,Esquina,Bom,Sem defeito,Perfeito estado,Seca,Perfeito estado,Outros,Outras,60 km/h,Dupla,Canteiro central,,
50,FIXO,Portaria 066/2007,FSMTD - 0519,FS017,AV RECIFE,CEASA,-8.1005774,-34.9280712,3,60,39000,dez/19,2020-10-29,15:28:00,SEM VÍTIMA,CANCELADA,AREIAS,AV RECIFE,,,EM FRENTE AO GALETUS,AREIAS,,,COLISÃO,SUPOSTAMENTE COM VÍTIMA,,,,,,,,,,0.0,,,,,,,,,,,,,,
50,FIXO,Portaria 066/2007,FSMTD - 0519,FS017,AV RECIFE,CEASA,-8.1005774,-34.9280712,3,60,39000,dez/19,2020-11-07,01:27:00,SEM VÍTIMA,CANCELADA,IPSEP,AV RECIFE,,,EM FRENTE A PIZZARIA ATLANTICA,IPSEP,,,CHOQUE OBJETO FIXO,COLISÃO AUTO E POSTE,1.0,,,,,,,,,0.0,,,,,,,,,,,,,,
50,FIXO,Portaria 066/2007,FSMTD - 0519,FS017,AV RECIFE,CEASA,-8.1005774,-34.9280712,3,60,39000,dez/19,2020-11-09,16:45:00,COM VÍTIMA,CANCELADA,IPSEP,AV RECIFE,3021,,E/F AO POSTO FEDERAL S/T AREIAS,IPSEP,,,COLISÃO COM CICLISTA,COLISAO EN CO CICLISTA,1.0,,,1.0,,,,,,1.0,,,,,,,,,,,,,,
50,FIXO,Portaria 066/2007,FSMTD - 0519,FS017,AV RECIFE,CEASA,-8.1005774,-34.9280712,3,60,39000,dez/19,2020-11-10,08:22:00,COM VÍTIMA,FINALIZADA,IPSEP,AV RECIFE,3592,,EM FRENTE A RECIFE HONDA MOTOS,IPSEP,,BOA VIAGEM,COLISÃO TRASEIRA,MOTO E AUTO,1.0,1.0,,,,,,,,2.0,,Longo da via,Bom,Não existe,Perfeito estado,Seca,Perfeito estado,Outros,Outras,,Dupla,Faixa contínua,Faixa seccionada,Canteiro central
50,FIXO,Portaria 066/2007,FSMTD - 0519,FS017,AV RECIFE,CEASA,-8.1005774,-34.9280712,3,60,39000,dez/19,2020-11-17,17:13:00,COM VÍTIMA,FINALIZADA,IPSEP,AV RECIFE,,RUA JEAN EMILE FAVRE,NA ENTRADA DO IPSEP´E/F A PADARIA VILA DO PAO S/T BOA VIAGEM,IPSEP,130.0,BOA VIAGEM,COLISÃO TRASEIRA,COLISAO ENTRE AUTO E MOTO COM UMA VITIMA,1.0,1.0,,,,,,,,1.0,,Longo da via,Bom,Sem defeito,Perfeito estado,Seca,Perfeito estado,Faixa de pedestre,Outras,,Dupla,Canteiro central,,
50,FIXO,Portaria 066/2007,FSMTD - 0519,FS017,AV RECIFE,CEASA,-8.1005774,-34.9280712,3,60,39000,dez/19,2020-11-18,12:41:00,COM VÍTIMA,FINALIZADA,AREIAS,AV RECIFE,,,LADO OPOSTO AO BIG BOMPREÇO,AREIAS,618.0,BR-101,ABALROAMENTO LONGITUDINAL,COLISAO ENTRE MOTO E AUTO COM VITIMAS,1.0,1.0,,,,,,,,2.0,,Longo da via,Bom,Sem defeito,Incompleta,Seca,Perfeito estado,Não existe,Não há placas,,Única,Faixa contínua,,
50,FIXO,Portaria 066/2007,FSMTD - 0519,FS017,AV RECIFE,CEASA,-8.1005774,-34.9280712,3,60,39000,dez/19,2020-11-23,19:02:00,COM VÍTIMA,FINALIZADA,IMBIRIBEIRA,AV RECIFE,,,DECIDA DO ACESSO SENTIDO AV MASCARENHAS DE MORAIS,IMBIRIBEIRA,,AFOGADOS,CHOQUE OBJETO FIXO,AUTO COLIDIU CO O GELO BAIANO,1.0,,,,,,,,,1.0,,,,,,,,,,,,,,
50,FIXO,Portaria 066/2007,FSMTD - 0519,FS017,AV RECIFE,CEASA,-8.1005774,-34.9280712,3,60,39000,dez/19,2020-12-05,07:00:00,COM VÍTIMA,FINALIZADA,IMBIRIBEIRA,AV RECIFE,1114,,EM FRENTE A CARLOS FILME EQUIPADORA,IMBIRIBEIRA,319.0,SUBURBIO,COLISÃO TRASEIRA,MOTO E AUTO,1.0,1.0,,,,,,,,1.0,,Longo da via,Bom,Sem defeito,Perfeito estado,Seca,Perfeito estado,Faixa de pedestre,Não há placas,,Dupla,Canteiro central,,
54,FIXO,Portaria 066/2007,FSMTD – 0187,FS020,AV BEBERIBE,SUBÚRBIO,-8.0279204,-34.8928982,2,60,10200,dez/20,2020-01-02,16:07:00,COM VÍTIMA,FINALIZADA,FUNDÃO,AV BEBERIBE,2697,RUA CORONEL URBANO RIBEIRO DE SENA,NA ENTRADA DA BARRIGUDA NO SEMAFORO 307,FUNDÃO,307.0,SUBURBIO,ABALROAMENTO TRANSVERSAL,AUTO E MOTO.,1.0,1.0,,,,,,,,1.0,,Cruzamento,Bom,Sem defeito,Perfeito estado,Seca,Perfeito estado,Faixa de pedestre,Outras,,Dupla,Não existe,,
54,FIXO,Portaria 066/2007,FSMTD – 0187,FS020,AV BEBERIBE,SUBÚRBIO,-8.0279204,-34.8928982,2,60,10200,dez/20,2020-01-03,11:41:00,SEM VÍTIMA,FINALIZADA,FUNDÃO,AV BEBERIBE,2759,RUA AURIFLAMA,VIA NET ACESSÓRIOS E MANUTENÇÃO,FUNDÃO,307.0,CIDADE,COLISÃO TRASEIRA,COLISÃO S/VITIMAS DOIS AUTOS,2.0,,,,,,,,,0.0,,Longo da via,Bom,Sem defeito,Perfeito estado,Seca,Perfeito estado,Faixa de pedestre,R-6a,50 km/h,Dupla,Blocos,,
54,FIXO,Portaria 066/2007,FSMTD – 0187,FS020,AV BEBERIBE,SUBÚRBIO,-8.0279204,-34.8928982,2,60,10200,dez/20,2020-01-06,06:47:00,SEM VÍTIMA,FINALIZADA,ÁGUA FRIA,AV BEBERIBE,1799,RUA ZEFERINO AGRA,,ÁGUA FRIA,,CIDADE,ABALROAMENTO LONGITUDINAL,S/VITIMA,1.0,1.0,,,,,,,,0.0,,Longo da via,Bom,Não existe,Perfeito estado,Seca,Perfeito estado,Faixa de pedestre,R-6a,,Dupla,Faixa contínua,,
54,FIXO,Portaria 066/2007,FSMTD – 0187,FS020,AV BEBERIBE,SUBÚRBIO,-8.0279204,-34.8928982,2,60,10200,dez/20,2020-01-06,18:38:00,SEM VÍTIMA,FINALIZADA,ÁGUA FRIA,AV BEBERIBE,2238,,MERCADINHO DOIS IRMÃOS / SOBERANO,ÁGUA FRIA,,SUBURBIO,ABALROAMENTO LONGITUDINAL,COLISAO SEM VITIMAS,1.0,,,,,1.0,,,,0.0,,Longo da via,Bom,Não existe,Perfeito estado,Seca,Perfeito estado,Não existe,Não há placas,,Dupla,Faixa contínua,Faixa seccionada,
54,FIXO,Portaria 066/2007,FSMTD – 0187,FS020,AV BEBERIBE,SUBÚRBIO,-8.0279204,-34.8928982,2,60,10200,dez/20,2020-01-09,20:06:00,COM VÍTIMA,CANCELADA,ÁGUA FRIA,AV BEBERIBE,,RUA DR PEREIRA DA SILVA,E/F A CLINICA OFTALMO30,ÁGUA FRIA,,,COLISÃO,AUTO PASSEIO X MOTO COM VÍTIMA,1.0,1.0,,,,,,,,1.0,,,,,,,,,,,,,,
54,FIXO,Portaria 066/2007,FSMTD – 0187,FS020,AV BEBERIBE,SUBÚRBIO,-8.0279204,-34.8928982,2,60,10200,dez/20,2020-01-13,15:36:00,SEM VÍTIMA,CANCELADA,ARRUDA,AV BEBERIBE,1501,,EM FRENTE A ANTIGA SÃO PAULO- E AO CANAL DA CONSTRUÇÃO,ARRUDA,,,COLISÃO,COLISÃO SEM VITIMA,1.0,1.0,,,,,,,,0.0,,,,,,,,,,,,,,
54,FIXO,Portaria 066/2007,FSMTD – 0187,FS020,AV BEBERIBE,SUBÚRBIO,-8.0279204,-34.8928982,2,60,10200,dez/20,2020-01-18,10:18:00,COM VÍTIMA,FINALIZADA,BEBERIBE,AV BEBERIBE,1095,,EM FRENTE A FRIGO ALVES,BEBERIBE,,SUBURBIO,ATROPELAMENTO ANIMAL,AUTO X ANIMAL,,1.0,,,,,,,1.0,1.0,,Longo da via,Bom,Não existe,Perfeito estado,Seca,,Não existe,Não há placas,40 km/h,Dupla,Faixa seccionada,,
54,FIXO,Portaria 066/2007,FSMTD – 0187,FS020,AV BEBERIBE,SUBÚRBIO,-8.0279204,-34.8928982,2,60,10200,dez/20,2020-01-18,21:26:00,SEM VÍTIMA,FINALIZADA,ÁGUA FRIA,AV BEBERIBE,,RUA DA REGENERACAO,,ÁGUA FRIA,187.0,SUBURBIO,ABALROAMENTO LONGITUDINAL,ENTRE 3 AUTOS. S/V,3.0,,,,,,,,,0.0,,Longo da via,Bom,Não existe,Ilegível,Seca,Perfeito estado,Não existe,Não há placas,,Única,Faixa seccionada,,
54,FIXO,Portaria 066/2007,FSMTD – 0187,FS020,AV BEBERIBE,SUBÚRBIO,-8.0279204,-34.8928982,2,60,10200,dez/20,2020-01-21,12:36:00,SEM VÍTIMA,FINALIZADA,ÁGUA FRIA,AV BEBERIBE,,,EM FRENTE A LOJA MI,ÁGUA FRIA,405.0,,ABALROAMENTO LONGITUDINAL,COLISÃO SEM VÍTIMA,1.0,,,,,,1.0,,,0.0,,Longo da via,Bom,Sem defeito,Perfeito estado,Seca,Perfeito estado,Não existe,,,Única,Não existe,,
54,FIXO,Portaria 066/2007,FSMTD – 0187,FS020,AV BEBERIBE,SUBÚRBIO,-8.0279204,-34.8928982,2,60,10200,dez/20,2020-01-22,15:41:00,SEM VÍTIMA,CANCELADA,ÁGUA FRIA,AV BEBERIBE,,RUA CORONEL URBANO RIBEIRO DE SENA,ESTAR NO CRUZAMENTO MESMO,ÁGUA FRIA,307.0,,COLISÃO,COLISAO SEM VITIMAS,1.0,,,,,1.0,,,,0.0,,,,,,,,,,,,,,
54,FIXO,Portaria 066/2007,FSMTD – 0187,FS020,AV BEBERIBE,SUBÚRBIO,-8.0279204,-34.8928982,2,60,10200,dez/20,2020-01-23,15:54:00,COM VÍTIMA,FINALIZADA,ENCRUZILHADA,AV BEBERIBE,497,,EM FRENTE A GLAUBEMAR MECÂNICA DE AUTOS,ENCRUZILHADA,,CIDADE,COLISÃO,AUTO E MOTOCICLETA,1.0,1.0,,,,,,,,1.0,,Longo da via,Bom,Não existe,Perfeito estado,Seca,Perfeito estado,Não existe,Não há placas,,Dupla,Faixa contínua,,