_id,tipo_equipamento,registro_inmetro,numero_serie_fabricante,identificacao_equipamento,local_instalacao,sentido_fiscalizacao,latitude,longitude,faixas_fiscalizadas,velocidade_fiscalizada,vmd,periodo_vmd,data,hora,natureza_acidente,situacao,bairro,endereco,numero,detalhe_endereco_acidente,complemento,bairro_cruzamento,num_semaforo,sentido_via,tipo,descricao,auto,moto,ciclom,ciclista,pedestre,onibus,caminhao,viatura,outros,vitimas,vitimasfatais,acidente_verificado,tempo_clima,situacao_semaforo,sinalizacao,condicao_via,conservacao_via,ponto_controle,situacao_placa,velocidade_max_via,mao_direcao,divisao_via1,divisao_via2,divisao_via3
54,FIXO,Portaria 066/2007,FSMTD – 0187,FS020,AV BEBERIBE,SUBÚRBIO,-8.0279204,-34.8928982,2,60,10200,dez/20,2020-01-25,07:26:00,COM VÍTIMA,FINALIZADA,ÁGUA FRIA,AV BEBERIBE,1919,,EM FRENTE AO MERCADO DE AGUA FRIA. MAGAZINE LUIZA.,ÁGUA FRIA,,SUBURBIO,COLISÃO COM CICLISTA,ONIBUS E CICLISTA,,,,1.0,,1.0,,,,1.0,,Longo da via,Bom,Não existe,Perfeito estado,Seca,Perfeito estado,Não existe,Outras,,Dupla,Faixa contínua,,
54,FIXO,Portaria 066/2007,FSMTD – 0187,FS020,AV BEBERIBE,SUBÚRBIO,-8.0279204,-34.8928982,2,60,10200,dez/20,2020-02-01,22:48:00,COM VÍTIMA,FINALIZADA,CAJUEIRO,AV BEBERIBE,3331,,ENF ACADEMIA DA CIDADE,CAJUEIRO,388.0,SUBURBIO,ABALROAMENTO TRANSVERSAL,DUAS MOTOS,,2.0,,,,,,,,1.0,,Cruzamento,Bom,Sem defeito,Perfeito estado,Seca,Perfeito estado,Faixa de pedestre,Não há placas,,Dupla,Canteiro central,,
54,FIXO,Portaria 066/2007,FSMTD – 0187,FS020,AV BEBERIBE,SUBÚRBIO,-8.0279204,-34.8928982,2,60,10200,dez/20,2020-02-07,17:21:00,SEM VÍTIMA,CANCELADA,ÁGUA FRIA,AV BEBERIBE,2306,,E/F AO SUPERMERCADO DOIS IRMÃOS,ÁGUA FRIA,,,COLISÃO,ENTRE DOIS AUTOS S/V,2.0,,,,,,,,,0.0,,,,,,,,,,,,,,
54,FIXO,Portaria 066/2007,FSMTD – 0187,FS020,AV BEBERIBE,SUBÚRBIO,-8.0279204,-34.8928982,2,60,10200,dez/20,2020-02-10,08:33:00,SEM VÍTIMA,FINALIZADA,ENCRUZILHADA,AV BEBERIBE,,,LADO OPOSTO AO Nº 376 - GALERIA CAMPOS,ENCRUZILHADA,238.0,CIDADE,COLISÃO TRASEIRA,COLISAO COM VITIMA. ENTRE VEICULO E MOTO,1.0,1.0,,,,,,,,0.0,,Longo da via,Bom,Sem defeito,Perfeito estado,Seca,Perfeito estado,Faixa de pedestre,R-4a,,Dupla,Faixa seccionada,,
54,FIXO,Portaria 066/2007,FSMTD – 0187,FS020,AV BEBERIBE,SUBÚRBIO,-8.0279204,-34.8928982,2,60,10200,dez/20,2020-02-11,10:16:00,SEM VÍTIMA,CANCELADA,ÁGUA FRIA,AV BEBERIBE,,,EM FRENTE AO MERCADINHO DOIS IRMÃOS,ÁGUA FRIA,,,COLISÃO,AUTO E MOTO,1.0,1.0,,,,,,,,0.0,,,,,,,,,,,,,,
54,FIXO,Portaria 066/2007,FSMTD – 0187,FS020,AV BEBERIBE,SUBÚRBIO,-8.0279204,-34.8928982,2,60,10200,dez/20,2020-02-13,17:25:00,SEM VÍTIMA,FINALIZADA,ARRUDA,AV BEBERIBE,,,EM FRENTE AO ARMAZEM CORAL,ARRUDA,492.0,CIDADE,COLISÃO,COLISAO SEM VITIMAS,2.0,,,,,,,,,0.0,,Cruzamento,Bom,Sem defeito,Perfeito estado,Seca,Perfeito estado,Faixa de pedestre,Outras,40 km/h,Dupla,Faixa contínua,,
54,FIXO,Portaria 066/2007,FSMTD – 0187,FS020,AV BEBERIBE,SUBÚRBIO,-8.0279204,-34.8928982,2,60,10200,dez/20,2020-02-14,13:13:00,SEM VÍTIMA,CANCELADA,FUNDÃO,AV BEBERIBE,3530,,NA ENTRADA DO CONJUNTO RESIDENCIAL JOAO PAULO SEGUNDO,FUNDÃO,,,COLISÃO,COLISAO ENTRE AUTO E MOTO S/V,1.0,1.0,,,,,,,,0.0,,,,,,,,,,,,,,
54,FIXO,Portaria 066/2007,FSMTD – 0187,FS020,AV BEBERIBE,SUBÚRBIO,-8.0279204,-34.8928982,2,60,10200,dez/20,2020-02-17,17:23:00,COM VÍTIMA,FINALIZADA,ENCRUZILHADA,AV BEBERIBE,575B,,E/F A FERREIRA PINTO E ESTRELINHA KIDS.,ENCRUZILHADA,480.0,CIDADE,COLISÃO,COLISAO COM VITIMA,,1.0,,,,1.0,,,,1.0,,Longo da via,Bom,Sem defeito,Perfeito estado,Seca,Perfeito estado,,R-6a,,Dupla,Faixa contínua,Faixa seccionada,
54,FIXO,Portaria 066/2007,FSMTD – 0187,FS020,AV BEBERIBE,SUBÚRBIO,-8.0279204,-34.8928982,2,60,10200,dez/20,2020-02-18,05:35:00,COM VÍTIMA,FINALIZADA,ARRUDA,AV BEBERIBE,,AV PROFESSOR JOSE DOS ANJOS,EM FRENTE AO POSTO BR,ARRUDA,131.0,CIDADE,ABALROAMENTO LONGITUDINAL,ABALROAMENTO SEGUIDO DE ATROPELAMENTO ENVOLVENDO ÔNIBUS- AUTO E PEDESTRE C/V,1.0,,,,1.0,1.0,,,,1.0,,Longo da via,Bom,Sem defeito,Perfeito estado,Seca,Perfeito estado,Faixa de pedestre,Não há placas,,Dupla,Faixa contínua,,
54,FIXO,Portaria 066/2007,FSMTD – 0187,FS020,AV BEBERIBE,SUBÚRBIO,-8.0279204,-34.8928982,2,60,10200,dez/20,2020-02-21,06:55:00,SEM VÍTIMA,FINALIZADA,BEBERIBE,AV BEBERIBE,,,,BEBERIBE,153.0,SUBURBIO,ABALROAMENTO TRANSVERSAL,COLISÃO SEM VITIMAS,1.0,1.0,,,,,,,,0.0,,Longo da via,Bom,Sem defeito,Perfeito estado,Seca,Perfeito estado,Faixa de pedestre,Outras,,Dupla,Faixa seccionada,,
54,FIXO,Portaria 066/2007,FSMTD – 0187,FS020,AV BEBERIBE,SUBÚRBIO,-8.0279204,-34.8928982,2,60,10200,dez/20,2020-02-21,21:15:00,COM VÍTIMA,FINALIZADA,ENCRUZILHADA,AV BEBERIBE,600,RUA DR EDUARDO WANDERLEY,ENF A FERREIRA PINTO,ENCRUZILHADA,,SUBURBIO,ABALROAMENTO LONGITUDINAL,DUAS MOTOS ( XRE X HONDA CB),,2.0,,,,,,,,2.0,,Esquina,Bom,Sem defeito,Perfeito estado,Seca,Perfeito estado,,Não há placas,40 km/h,Dupla,Faixa contínua,,
54,FIXO,Portaria 066/2007,FSMTD – 0187,FS020,AV BEBERIBE,SUBÚRBIO,-8.0279204,-34.8928982,2,60,10200,dez/20,2020-02-25,16:49:00,SEM VÍTIMA,CANCELADA,ÁGUA FRIA,AV BEBERIBE,1628,,AO LADO DA IGREJA ASSEMBLEIA DE DEUS S/T SUB,ÁGUA FRIA,,,COLISÃO,COLISAO ENTRE DOIS AUTOS S/V,2.0,,,,,,,,,0.0,,,,,,,,,,,,,,
54,FIXO,Portaria 066/2007,FSMTD – 0187,FS020,AV BEBERIBE,SUBÚRBIO,-8.0279204,-34.8928982,2,60,10200,dez/20,2020-02-26,04:03:00,COM VÍTIMA,FINALIZADA,BEBERIBE,AV BEBERIBE,111,RUA DA CORAGEM,PROX AO POSTO SHELL,BEBERIBE,186.0,CIDADE,ABALROAMENTO LONGITUDINAL,SANDERO BRANCO X MOTO,1.0,1.0,,,,,,,,1.0,,Longo da via,Bom,Sem defeito,Incompleta,Molhada,Mal conservada,Faixa de pedestre,Não há placas,,Dupla,Faixa contínua,,
54,FIXO,Portaria 066/2007,FSMTD – 0187,FS020,AV BEBERIBE,SUBÚRBIO,-8.0279204,-34.8928982,2,60,10200,dez/20,2020-03-04,08:28:00,SEM VÍTIMA,FINALIZADA,ENCRUZILHADA,AV BEBERIBE,335,,,ENCRUZILHADA,,CIDADE,COLISÃO TRASEIRA,COLISÃO S/VITIMAS ENTRE DOIS AUTOS,2.0,,,,,,,,,0.0,,Longo da via,Bom,Sem defeito,Perfeito estado,Seca,Perfeito estado,Faixa de pedestre,Outras,40 km/h,Dupla,Faixa contínua,,
54,FIXO,Portaria 066/2007,FSMTD – 0187,FS020,AV BEBERIBE,SUBÚRBIO,-8.0279204,-34.8928982,2,60,10200,dez/20,2020-03-06,08:53:00,COM VÍTIMA,FINALIZADA,ARRUDA,AV BEBERIBE,896,,AO LADO DO LOJAO DO PETROLEO,ARRUDA,,CIDADE,ABALROAMENTO TRANSVERSAL,COLISAO COM VITIMAS,1.0,1.0,,,,,,,,1.0,,Longo da via,Bom,Não existe,Perfeito estado,Seca,Perfeito estado,,Outras,,Dupla,Faixa seccionada,,
54,FIXO,Portaria 066/2007,FSMTD – 0187,FS020,AV BEBERIBE,SUBÚRBIO,-8.0279204,-34.8928982,2,60,10200,dez/20,2020-03-07,11:32:00,SEM VÍTIMA,FINALIZADA,ARRUDA,AV BEBERIBE,,,EM FRENTE AO ESTÁDIO JOSÉ DO REGO MACIEL,ARRUDA,,SUBURBIO,COLISÃO TRASEIRA,ONIBUS E AUTO,1.0,,,,,1.0,,,,0.0,,Longo da via,Bom,Não existe,Perfeito estado,Seca,Perfeito estado,Não existe,Não há placas,,Dupla,Faixa contínua,,
54,FIXO,Portaria 066/2007,FSMTD – 0187,FS020,AV BEBERIBE,SUBÚRBIO,-8.0279204,-34.8928982,2,60,10200,dez/20,2020-03-09,13:20:00,SEM VÍTIMA,FINALIZADA,ENCRUZILHADA,AV BEBERIBE,205,,AUTO ESCOLA NOVA YORK,ENCRUZILHADA,,SUBURBIO,COLISÃO TRASEIRA,COLISAO ENTRE ONIBUS E AUTOS S/V,1.0,,,,,1.0,,,,0.0,,Longo da via,Bom,Sem defeito,Perfeito estado,Seca,Perfeito estado,Faixa de retenção,Outras,,Dupla,Faixa contínua,Faixa seccionada,
54,FIXO,Portaria 066/2007,FSMTD – 0187,FS020,AV BEBERIBE,SUBÚRBIO,-8.0279204,-34.8928982,2,60,10200,dez/20,2020-03-26,07:16:00,COM VÍTIMA,FINALIZADA,BEBERIBE,AV BEBERIBE,3710,RUA DALVA DE OLIVEIRA,EM FRENTE A PADARIA PAM RAINHA,BEBERIBE,,,ABALROAMENTO TRANSVERSAL,DUAS MOTOS E UM AUTO PASSEIO,1.0,2.0,,,,,,,,1.0,,Cruzamento,Bom,Sem defeito,Perfeito estado,Seca,Perfeito estado,Faixa de pedestre,Outras,60 km/h,Dupla,Faixa contínua,,
54,FIXO,Portaria 066/2007,FSMTD – 0187,FS020,AV BEBERIBE,SUBÚRBIO,-8.0279204,-34.8928982,2,60,10200,dez/20,2020-05-09,11:09:00,COM VÍTIMA,FINALIZADA,FUNDÃO,AV BEBERIBE,3078,,IGREJA ASSEMBLÉIA DE DEUS.,FUNDÃO,,SUBURBIO,COLISÃO TRASEIRA,COLISÃO COM VÍTIMA ENVOLVENDO TRES VEÍCULOS,3.0,,,,,,,,,2.0,,Longo da via,Bom,Não existe,Perfeito estado,Seca,Perfeito estado,Não existe,Outras,,Dupla,Canteiro central,,
54,FIXO,Portaria 066/2007,FSMTD – 0187,FS020,AV BEBERIBE,SUBÚRBIO,-8.0279204,-34.8928982,2,60,10200,dez/20,2020-05-13,06:23:00,COM VÍTIMA,CANCELADA,BEBERIBE,AV BEBERIBE,4011,,ANTIGA PIZZARIA DO GORDO,BEBERIBE,,SUBURBIO,COLISÃO,Carro e moto,1.0,1.0,,,,,,,,1.0,,,,,,,,,,,,,,
54,FIXO,Portaria 066/2007,FSMTD – 0187,FS020,AV BEBERIBE,SUBÚRBIO,-8.0279204,-34.8928982,2,60,10200,dez/20,2020-06-08,12:35:00,SEM VÍTIMA,FINALIZADA,ÁGUA FRIA,AV BEBERIBE,1796,,EM FRENTE AO N 1796,ÁGUA FRIA,,CIDADE,COLISÃO,O SOLICITANTE INFORMA QUE O MOTORISTA DO VEICULO DE PLACA PCR 8252 ESTA COM SINTOMAS DE EMBRIAGUEZ,2.0,,,,,,,,,0.0,,Esquina,Bom,Não existe,Incompleta,Seca,Perfeito estado,Não existe,Outras,N/I,Dupla,Não existe,,
54,FIXO,Portaria 066/2007,FSMTD – 0187,FS020,AV BEBERIBE,SUBÚRBIO,-8.0279204,-34.8928982,2,60,10200,dez/20,2020-06-10,12:47:00,COM VÍTIMA,FINALIZADA,BEBERIBE,AV BEBERIBE,3607,,Em frente ao Sest/ Senat,BEBERIBE,517.0,,COLISÃO COM CICLISTA,Condutor informa que transportava ferragem por ser serralheiro e o condutor da bicicleta enroscou-se- chegando a cair. O condutor informa que a viatura 32 está no local.,1.0,,,1.0,,,,,,1.0,,Longo da via,Bom,Sem defeito,Perfeito estado,Seca,Perfeito estado,,R-6a,,Dupla,Faixa contínua,,
54,FIXO,Portaria 066/2007,FSMTD – 0187,FS020,AV BEBERIBE,SUBÚRBIO,-8.0279204,-34.8928982,2,60,10200,dez/20,2020-06-19,10:24:00,COM VÍTIMA,FINALIZADA,ÁGUA FRIA,AV BEBERIBE,,,EM FRENTE PAGODE DA PRESSÃO E PRÓXIMO MERCADO ÀGUA FRIA,ÁGUA FRIA,,CIDADE,COLISÃO,DOIS AUTOS,2.0,,,,,,,,,1.0,,Longo da via,Bom,Sem defeito,Perfeito estado,Seca,Perfeito estado,Faixa de pedestre,Outras,N/I,Dupla,Faixa contínua,,
54,FIXO,Portaria 066/2007,FSMTD – 0187,FS020,AV BEBERIBE,SUBÚRBIO,-8.0279204,-34.8928982,2,60,10200,dez/20,2020-06-30,19:50:00,SEM VÍTIMA,FINALIZADA,ENCRUZILHADA,AV BEBERIBE,167,RUA PEDRO ALVES,NO POSTO DE GASOLINA SHELL AO LADO DA FARMACIA DROGASIL,ENCRUZILHADA,,,COLISÃO,COLISÃO MOTO X AUTO S/VITIMA OBS: SUSPEITA DE EMBRIAGUEZ,1.0,1.0,,,,,,,,0.0,,Cruzamento,Bom,Sem defeito,Perfeito estado,Seca,Perfeito estado,Faixa de retenção,R-6a,40KM,Dupla,Faixa contínua,,
54,FIXO,Portaria 066/2007,FSMTD – 0187,FS020,AV BEBERIBE,SUBÚRBIO,-8.0279204,-34.8928982,2,60,10200,dez/20,2020-07-01,17:43:00,SEM VÍTIMA,FINALIZADA,ÁGUA FRIA,AV BEBERIBE,2454,,AUTO ESCOLA PILOTO,ÁGUA FRIA,,SUBURBIO,COLISÃO,COLISAO S/VITIMAS,1.0,,,,,1.0,,,,0.0,,Longo da via,Bom,Não existe,Perfeito estado,Seca,Perfeito estado,Agente,Não há placas,,Dupla,Faixa contínua,,
54,FIXO,Portaria 066/2007,FSMTD – 0187,FS020,AV BEBERIBE,SUBÚRBIO,-8.0279204,-34.8928982,2,60,10200,dez/20,2020-07-02,13:39:00,COM VÍTIMA,FINALIZADA,ENCRUZILHADA,AV BEBERIBE,433,RUA PROFESSOR OTAVIO DE FREITAS,PROX AO BANCO DO BRASIL,ENCRUZILHADA,,CIDADE,ABALROAMENTO LONGITUDINAL,COLISAO ENTRE DOIS AUTOS,2.0,,,,,,,,,1.0,,Longo da via,Bom,Sem defeito,Perfeito estado,Seca,Perfeito estado,Não existe,Não há placas,,Dupla,Faixa contínua,,
54,FIXO,Portaria 066/2007,FSMTD – 0187,FS020,AV BEBERIBE,SUBÚRBIO,-8.0279204,-34.8928982,2,60,10200,dez/20,2020-07-03,08:44:00,COM VÍTIMA,FINALIZADA,ARRUDA,AV BEBERIBE,1021,AV PROFESSOR JOSE DOS ANJOS,EM FRENTE AO POSTO BR,ARRUDA,,CIDADE,ABALROAMENTO TRANSVERSAL,AUTO E MOTO,1.0,1.0,,,,,,,,1.0,,Longo da via,Bom,Sem defeito,Perfeito estado,Seca,Perfeito estado,Não existe,R-6a,60 km/h,Dupla,Faixa seccionada,,
54,FIXO,Portaria 066/2007,FSMTD – 0187,FS020,AV BEBERIBE,SUBÚRBIO,-8.0279204,-34.8928982,2,60,10200,dez/20,2020-07-06,21:15:00,COM VÍTIMA,FINALIZADA,BEBERIBE,AV BEBERIBE,2132,,PROX AO MERCADO DE AGUA FRIA. LOJÃO DOS PRESENTES.,BEBERIBE,187.0,CIDADE,COLISÃO FRONTAL,MOTO X VT DA POLICA MILITAR,,1.0,,,,,,1.0,,1.0,,Longo da via,Chuvoso,Sem defeito,Perfeito estado,Molhada,Perfeito estado,Não existe,Outras,,Dupla,Faixa contínua,,
54,FIXO,Portaria 066/2007,FSMTD – 0187,FS020,AV BEBERIBE,SUBÚRBIO,-8.0279204,-34.8928982,2,60,10200,dez/20,2020-07-18,10:58:00,COM VÍTIMA,FINALIZADA,ARRUDA,AV BEBERIBE,848,RUA PROFESSORA ANTONIA RIBEIRO CAMPOS,DE ESQUINA COM A LOJA LOJÃO DO PETROLEO,ARRUDA,,,ABALROAMENTO LONGITUDINAL,COLISÃO COM 1 VITIMA,1.0,1.0,,,,,,,,1.0,,Esquina,Bom,Não existe,Perfeito estado,Seca,Perfeito estado,Não existe,Outras,,Dupla,Faixa contínua,Faixa seccionada,
54,FIXO,Portaria 066/2007,FSMTD – 0187,FS020,AV BEBERIBE,SUBÚRBIO,-8.0279204,-34.8928982,2,60,10200,dez/20,2020-07-21,15:42:00,SEM VÍTIMA,CANCELADA,ÁGUA FRIA,AV BEBERIBE,,,EM FRENTE AO MERCADO DE AGUA FRIA/ PROX A LOJA MILENIO,ÁGUA FRIA,405.0,,COLISÃO,COLISAO ENTRE 3 AUTOS S/V,3.0,,,,,,,,,0.0,,,,,,,,,,,,,,
54,FIXO,Portaria 066/2007,FSMTD – 0187,FS020,AV BEBERIBE,SUBÚRBIO,-8.0279204,-34.8928982,2,60,10200,dez/20,2020-07-21,16:51:00,COM VÍTIMA,FINALIZADA,FUNDÃO,AV BEBERIBE,2572,,EM FRENTE A CASA DE BOLO E A LORD BABEARIA,FUNDÃO,,SUBURBIO,ATROPELAMENTO,MOTO E PEDESTRE,,1.0,,,1.0,,,,,2.0,,Longo da via,Bom,Sem defeito,Perfeito estado,Seca,Perfeito estado,Não existe,Não há placas,,Dupla,Faixa contínua,,
54,FIXO,Portaria 066/2007,FSMTD – 0187,FS020,AV BEBERIBE,SUBÚRBIO,-8.0279204,-34.8928982,2,60,10200,dez/20,2020-08-08,06:21:00,SEM VÍTIMA,FINALIZADA,ARRUDA,AV BEBERIBE,1253,RUA DAS MOCAS,ESTÁDIO AO SANTA CRUZ,ARRUDA,,CIDADE,CHOQUE OBJETO FIXO,AUTOMOVEL COLIDIU COM POSTE E ESTA ABANDONADO NO LOCAL,1.0,,,,,,,,,0.0,,Cruzamento,Chuvoso,Sem defeito,Perfeito estado,Molhada,Perfeito estado,Não existe,,60 km/h,Dupla,Faixa contínua,Faixa seccionada,
54,FIXO,Portaria 066/2007,FSMTD – 0187,FS020,AV BEBERIBE,SUBÚRBIO,-8.0279204,-34.8928982,2,60,10200,dez/20,2020-08-17,15:36:00,COM VÍTIMA,FINALIZADA,ÁGUA FRIA,AV BEBERIBE,1769,,EM FRENTE A JORGE SUPLEMENTOS / SENTIDO CENTRO,ÁGUA FRIA,,SUBURBIO,ABALROAMENTO TRANSVERSAL,COLISÃO COM VÍTIMA,1.0,1.0,,,,,,,,1.0,,Longo da via,Bom,Não existe,Perfeito estado,Seca,Perfeito estado,Faixa de pedestre,Não há placas,40 km/h,Dupla,Faixa contínua,,
54,FIXO,Portaria 066/2007,FSMTD – 0187,FS020,AV BEBERIBE,SUBÚRBIO,-8.0279204,-34.8928982,2,60,10200,dez/20,2020-08-19,18:38:00,COM VÍTIMA,FINALIZADA,BEBERIBE,AV BEBERIBE,4575,,EM FRENTE A LOJA MAGAZINE LUIZA,BEBERIBE,,CIDADE,COLISÃO FRONTAL,AUTO E MOTO,1.0,1.0,,,,,,,,1.0,,Longo da via,Bom,Não existe,Não existente,Seca,Perfeito estado,Não existe,Não há placas,,Dupla,Não existe,,
54,FIXO,Portaria 066/2007,FSMTD – 0187,FS020,AV BEBERIBE,SUBÚRBIO,-8.0279204,-34.8928982,2,60,10200,dez/20,2020-08-22,11:21:00,COM VÍTIMA,FINALIZADA,BEBERIBE,AV BEBERIBE,,,EM FRENTE AO ESTADIO DO ARRUDA E PROX AO ARMAZEM CORAL,BEBERIBE,,SUBURBIO,ABALROAMENTO TRANSVERSAL,MOTO E AUTO,1.0,1.0,,,,,,,,1.0,,Longo da via,Bom,Não existe,Perfeito estado,Seca,Perfeito estado,,R-6a,,Dupla,Faixa contínua,,
54,FIXO,Portaria 066/2007,FSMTD – 0187,FS020,AV BEBERIBE,SUBÚRBIO,-8.0279204,-34.8928982,2,60,10200,dez/20,2020-08-29,15:58:00,COM VÍTIMA,FINALIZADA,FUNDÃO,AV BEBERIBE,,RUA CORONEL URBANO RIBEIRO DE SENA,NO SEMÁFORO 307 / SENTIDO BEBERIBE,FUNDÃO,307.0,SUBURBIO,ABALROAMENTO TRANSVERSAL,COLISÃO COM VÍTIMA/ VÍTIMA SOCORRIDA PELO SAMU,1.0,1.0,,,,,,,,1.0,,Cruzamento,Bom,Sem defeito,Perfeito estado,Seca,Perfeito estado,Faixa de pedestre,Outras,,Dupla,,,
54,FIXO,Portaria 066/2007,FSMTD – 0187,FS020,AV BEBERIBE,SUBÚRBIO,-8.0279204,-34.8928982,2,60,10200,dez/20,2020-09-01,08:19:00,COM VÍTIMA,FINALIZADA,ÁGUA FRIA,AV BEBERIBE,2406,RUA SAO JOAQUIM DO MONTE,,ÁGUA FRIA,153.0,,ABALROAMENTO LONGITUDINAL,COM VÍTIMA,1.0,1.0,,,,,,,,1.0,,Longo da via,Bom,Sem defeito,Perfeito estado,Seca,Perfeito estado,Faixa de pedestre,Não há placas,,Dupla,,,
54,FIXO,Portaria 066/2007,FSMTD – 0187,FS020,AV BEBERIBE,SUBÚRBIO,-8.0279204,-34.8928982,2,60,10200,dez/20,2020-09-15,07:39:00,COM VÍTIMA,FINALIZADA,BEBERIBE,AV BEBERIBE,3390,,E/F A ARENA SHOW BAR,BEBERIBE,388.0,SUBURBIO,COLISÃO COM CICLISTA,COLISÃO ENTRE MOTO E BICICLEITA (V.T 32 NO QTH),,1.0,,1.0,,,,,,2.0,,Longo da via,Bom,Sem defeito,Perfeito estado,Seca,Perfeito estado,Outros,Outras,,Dupla,Faixa contínua,,
54,FIXO,Portaria 066/2007,FSMTD – 0187,FS020,AV BEBERIBE,SUBÚRBIO,-8.0279204,-34.8928982,2,60,10200,dez/20,2020-09-23,20:40:00,COM VÍTIMA,FINALIZADA,BEBERIBE,AV BEBERIBE,4250,,,BEBERIBE,,SUBURBIO,ATROPELAMENTO,ACIDENTE COM VITIMA ENTRE MOTO E BICICLETA.,,1.0,,,1.0,,,,,2.0,,Longo da via,Bom,Não existe,Perfeito estado,Seca,Perfeito estado,Não existe,Outras,40 km/h,Dupla,Faixa contínua,,
54,FIXO,Portaria 066/2007,FSMTD – 0187,FS020,AV BEBERIBE,SUBÚRBIO,-8.0279204,-34.8928982,2,60,10200,dez/20,2020-09-24,08:29:00,COM VÍTIMA,FINALIZADA,FUNDÃO,AV BEBERIBE,2584,,EM FRENTE AO ARMAZÉM LOJAS CONSTRUINDO.,FUNDÃO,,SUBURBIO,COLISÃO COM CICLISTA,COLISÃO COM VÍTIMA MOTO E CICLISTA,,1.0,,1.0,,,,,,3.0,,Longo da via,Bom,Não existe,Perfeito estado,Seca,Perfeito estado,Não existe,Não há placas,,Dupla,Faixa contínua,,
54,FIXO,Portaria 066/2007,FSMTD – 0187,FS020,AV BEBERIBE,SUBÚRBIO,-8.0279204,-34.8928982,2,60,10200,dez/20,2020-10-06,12:04:00,COM VÍTIMA,FINALIZADA,ÁGUA FRIA,AV BEBERIBE,2047,,E/F A FARMACIA PAGUE MENOS LADO OPOSTO AO MERCADO DE AGUA FRIA,ÁGUA FRIA,,CIDADE,ATROPELAMENTO,ATROPELAMENTO DE AUTO E PEDESTRE VT 31 NO LOCAL,1.0,,,,1.0,,,,,1.0,,Longo da via,Bom,Não existe,Perfeito estado,Seca,Perfeito estado,,Outras,,Dupla,Faixa contínua,,
54,FIXO,Portaria 066/2007,FSMTD – 0187,FS020,AV BEBERIBE,SUBÚRBIO,-8.0279204,-34.8928982,2,60,10200,dez/20,2020-10-15,18:58:00,COM VÍTIMA,FINALIZADA,BEBERIBE,AV BEBERIBE,4355,,AO LADO DA ACADEMINA H5 / PRÓX A LOJA TECNONET,BEBERIBE,,SUBURBIO,COLISÃO TRASEIRA,COLISÃO ENTRE AUTO E MOTO C/V,1.0,1.0,,,,,,,,1.0,,Longo da via,Bom,Não existe,Perfeito estado,Seca,Perfeito estado,Não existe,Não há placas,30 km/h,Dupla,Faixa contínua,,
54,FIXO,Portaria 066/2007,FSMTD – 0187,FS020,AV BEBERIBE,SUBÚRBIO,-8.0279204,-34.8928982,2,60,10200,dez/20,2020-10-15,20:06:00,COM VÍTIMA,FINALIZADA,ARRUDA,AV BEBERIBE,1478,,LADO OPOSTO AO CANAL DA CONSTRUÇÃO- PROXIMO DA DOCE SABOR DA N.C,ARRUDA,,SUBURBIO,COLISÃO TRASEIRA,COLISÃO ENTRE DOIS AUTOS E UMA MOTO C/V,2.0,1.0,,,,,,,,2.0,,Longo da via,Bom,Não existe,Perfeito estado,Seca,Perfeito estado,,Não há placas,,Dupla,,,
54,FIXO,Portaria 066/2007,FSMTD – 0187,FS020,AV BEBERIBE,SUBÚRBIO,-8.0279204,-34.8928982,2,60,10200,dez/20,2020-10-20,18:27:00,COM VÍTIMA,FINALIZADA,BEBERIBE,AV BEBERIBE,3195,,EM FRENTE A GALERIA CAJUEIRO E MARRON CAPOTARIA.,BEBERIBE,,CIDADE,ABALROAMENTO LONGITUDINAL,COLISAO SEGUIDA DE COLISÃO COM CICLISTA ENTRE CAMINHAO SANDEIRO E CICLISTA OBS : BOMBEIRO E SAMU NO LOCAL.,1.0,,,1.0,,,1.0,,,1.0,,Longo da via,Bom,Não existe,Incompleta,Seca,Perfeito estado,Não existe,R-19,50 km/h,Única,Faixa seccionada,,
54,FIXO,Portaria 066/2007,FSMTD – 0187,FS020,AV BEBERIBE,SUBÚRBIO,-8.0279204,-34.8928982,2,60,10200,dez/20,2020-10-23,10:39:00,COM VÍTIMA,FINALIZADA,ARRUDA,AV BEBERIBE,,AV PROFESSOR JOSE DOS ANJOS,,ARRUDA,131.0,SUBURBIO,CHOQUE VEÍCULO PARADO,COLISÃO ENTRE AUTO E MOTOCICLETA,1.0,1.0,,,,,,,,1.0,,Longo da via,Bom,Sem defeito,Perfeito estado,Seca,Perfeito estado,Faixa de pedestre,R-6a,,Dupla,Faixa seccionada,,
54,FIXO,Portaria 066/2007,FSMTD – 0187,FS020,AV BEBERIBE,SUBÚRBIO,-8.0279204,-34.8928982,2,60,10200,dez/20,2020-10-29,08:03:00,COM VÍTIMA,FINALIZADA,PORTO DA MADEIRA,AV BEBERIBE,,RUA DALVA DE OLIVEIRA,SENAI.,PORTO DA MADEIRA,575.0,SUBURBIO,ABALROAMENTO TRANSVERSAL,MOTO E AUTO,1.0,1.0,,,,,,,,1.0,,Cruzamento,Bom,Sem defeito,Perfeito estado,Seca,Perfeito estado,Faixa de pedestre,R-6a,60 km/h,Dupla,Faixa contínua,,