_id,tipo_equipamento,registro_inmetro,numero_serie_fabricante,identificacao_equipamento,local_instalacao,sentido_fiscalizacao,latitude,longitude,faixas_fiscalizadas,velocidade_fiscalizada,vmd,periodo_vmd,data,hora,natureza_acidente,situacao,bairro,endereco,numero,detalhe_endereco_acidente,complemento,bairro_cruzamento,num_semaforo,sentido_via,tipo,descricao,auto,moto,ciclom,ciclista,pedestre,onibus,caminhao,viatura,outros,vitimas,vitimasfatais,acidente_verificado,tempo_clima,situacao_semaforo,sinalizacao,condicao_via,conservacao_via,ponto_controle,situacao_placa,velocidade_max_via,mao_direcao,divisao_via1,divisao_via2,divisao_via3
62,FIXO,Portaria 066/2007,FSMTD - 0747,FS028,RUA VISCONDE DE JEQUITINHONHA,-,-8.136419,-34.903309,2,60,10200,dez/20,2020-04-21,02:29:00,SEM VÍTIMA,FINALIZADA,BOA VIAGEM,RUA VISCONDE DE JEQUITINHONHA,,RUA BARAO DE SOUZA LEAO,,BOA VIAGEM,129.0,SUBURBIO,CHOQUE OBJETO FIXO,PDE 5322 - ONIX - VEÍCULO CHOCOU-SE CONTRA UM POSTE,1.0,,,,,,,,,0.0,,Cruzamento,Bom,Sem defeito,Perfeito estado,Seca,Perfeito estado,Não existe,Não há placas,,Única,Faixa seccionada,,
62,FIXO,Portaria 066/2007,FSMTD - 0747,FS028,RUA VISCONDE DE JEQUITINHONHA,-,-8.136419,-34.903309,2,60,10200,dez/20,2020-05-31,06:25:00,SEM VÍTIMA,CANCELADA,BOA VIAGEM,RUA VISCONDE DE JEQUITINHONHA,2392,,2º PREDIO APOS O RECIFE FLET - PRÓXIMO AO PARQUE DONA LINDU,BOA VIAGEM,,SUBURBIO,COLISÃO,UM CONDUTOR ESTÁ COM SINTOMAS DE EMBRIAGUEZ,2.0,,,,,,,,,0.0,,,,,,,,,,,,,,
62,FIXO,Portaria 066/2007,FSMTD - 0747,FS028,RUA VISCONDE DE JEQUITINHONHA,-,-8.136419,-34.903309,2,60,10200,dez/20,2020-06-06,13:42:00,COM VÍTIMA,FINALIZADA,BOA VIAGEM,RUA VISCONDE DE JEQUITINHONHA,1503,,EM FRENTE AO POSTO BR DA VISCONDE DE JEQUITINHONHA. EDF PAINEIRAS.,BOA VIAGEM,,SUBURBIO,ABALROAMENTO LONGITUDINAL,COLISÃO MOTOCICLETA X AUTO PASSEIO,1.0,1.0,,,,,,,,2.0,,Longo da via,Bom,Não existe,Perfeito estado,Seca,Perfeito estado,Não existe,Não há placas,60 km/h,Única,Canteiro central,,
62,FIXO,Portaria 066/2007,FSMTD - 0747,FS028,RUA VISCONDE DE JEQUITINHONHA,-,-8.136419,-34.903309,2,60,10200,dez/20,2020-06-12,20:45:00,COM VÍTIMA,FINALIZADA,BOA VIAGEM,RUA VISCONDE DE JEQUITINHONHA,,RUA BALTAZAR PASSOS,COM A RUA BALTHAZR PASSOS,BOA VIAGEM,154.0,CIDADE,ABALROAMENTO TRANSVERSAL,COLISSÃO COM VITIMA,1.0,1.0,,,,,,,,1.0,,Cruzamento,Bom,Sem defeito,Perfeito estado,Seca,Perfeito estado,Faixa de pedestre,,,Única,,,
62,FIXO,Portaria 066/2007,FSMTD - 0747,FS028,RUA VISCONDE DE JEQUITINHONHA,-,-8.136419,-34.903309,2,60,10200,dez/20,2020-07-06,17:27:00,COM VÍTIMA,FINALIZADA,BOA VIAGEM,RUA VISCONDE DE JEQUITINHONHA,,RUA CAPITAO ZUZINHA,NO SEMAFORO 433 GM JORGE ANDERSON E MARCIA NO LOCAL. PISTA LOCAL.,BOA VIAGEM,433.0,SUBURBIO,ABALROAMENTO LONGITUDINAL,COLISAO ENTRE AUTO E MOTO COM UMA VITIMA,1.0,1.0,,,,,,,,1.0,,Cruzamento,Bom,Sem defeito,Perfeito estado,Seca,Perfeito estado,Faixa de pedestre,R-4a,60 km/h,Única,Canteiro central,,
62,FIXO,Portaria 066/2007,FSMTD - 0747,FS028,RUA VISCONDE DE JEQUITINHONHA,-,-8.136419,-34.903309,2,60,10200,dez/20,2020-07-23,14:35:00,SEM VÍTIMA,CANCELADA,BOA VIAGEM,RUA VISCONDE DE JEQUITINHONHA,1874,,DEPOIS DO POSTO DE GASOLINA IPIRANGA,BOA VIAGEM,,,ACID. DE PERCURSO,MOTO CAIU DENTRO DE UM BURACO,,1.0,,,,,,,,0.0,,,,,,,,,,,,,,
62,FIXO,Portaria 066/2007,FSMTD - 0747,FS028,RUA VISCONDE DE JEQUITINHONHA,-,-8.136419,-34.903309,2,60,10200,dez/20,2020-09-06,20:06:00,COM VÍTIMA,FINALIZADA,BOA VIAGEM,RUA VISCONDE DE JEQUITINHONHA,1280,,VT 13 NO LOCAL. LADO OPOSTO AO Nº 1280.,BOA VIAGEM,,SUBURBIO,ABALROAMENTO LONGITUDINAL,ENTRE AUTO E MOTO. C/V,1.0,1.0,,,,,,,,1.0,,Longo da via,Bom,Não existe,Perfeito estado,Seca,Perfeito estado,Faixa de pedestre,Outras,,Única,Faixa seccionada,,
62,FIXO,Portaria 066/2007,FSMTD - 0747,FS028,RUA VISCONDE DE JEQUITINHONHA,-,-8.136419,-34.903309,2,60,10200,dez/20,2020-10-15,19:39:00,SEM VÍTIMA,FINALIZADA,BOA VIAGEM,RUA VISCONDE DE JEQUITINHONHA,2616,,EM FRENTE AO EDIFÍCIO MAR AZUL,BOA VIAGEM,,SUBURBIO,COLISÃO TRASEIRA,COLISÃO ENTRE AUTO E VIATURA DA POLÍCIA MILITAR- S/V,2.0,,,,,,,,,0.0,,Longo da via,Bom,Não existe,Perfeito estado,Seca,Perfeito estado,Faixa de pedestre,Não há placas,60 km/h,Única,Faixa seccionada,,
62,FIXO,Portaria 066/2007,FSMTD - 0747,FS028,RUA VISCONDE DE JEQUITINHONHA,-,-8.136419,-34.903309,2,60,10200,dez/20,2020-11-12,20:14:00,COM VÍTIMA,FINALIZADA,BOA VIAGEM,RUA VISCONDE DE JEQUITINHONHA,,RUA BALTAZAR PASSOS,LADO ESQUERDO DA JEQUITINHONHA- AO LADO DO EDIFICIO COSTA DOS NAVEGANTES,BOA VIAGEM,154.0,SUBURBIO,ABALROAMENTO LONGITUDINAL,COLISÃO ENTRE AUTO E MOTO- COM VÍTIMA,1.0,1.0,,,,,,,,1.0,,Cruzamento,Bom,Sem defeito,Perfeito estado,Seca,Perfeito estado,Faixa de pedestre,Não há placas,,Dupla,Faixa contínua,,
62,FIXO,Portaria 066/2007,FSMTD - 0747,FS028,RUA VISCONDE DE JEQUITINHONHA,-,-8.136419,-34.903309,2,60,10200,dez/20,2020-12-13,04:25:00,SEM VÍTIMA,CANCELADA,BOA VIAGEM,RUA VISCONDE DE JEQUITINHONHA,,,COM RUA ARMINDO MOURA - SEMÁFORO 258,BOA VIAGEM,258.0,,CAPOTAMENTO,NA FAIXA NA DIREITA,,,,,,,,,,0.0,,,,,,,,,,,,,,
63,FIXO,Portaria 066/2007,FSMTD - 0744,FS030,AV LIBERDADE,ROD. BR-232,-8.0810669,-34.9683467,2,50,3700,dez/20,2020-01-10,20:35:00,SEM VÍTIMA,CANCELADA,JARDIM SÃO PAULO,AV LIBERDADE,389,,E/F A FARMÁCIA DISK REMÉDIOS E AO ( CENTRO DESPORTIVO E FISIOTERAPEUTICO) CDF,JARDIM SÃO PAULO,,,COLISÃO,ENTRE AUTO E MOTO. C/V,1.0,1.0,,,,,,,,0.0,,,,,,,,,,,,,,
63,FIXO,Portaria 066/2007,FSMTD - 0744,FS030,AV LIBERDADE,ROD. BR-232,-8.0810669,-34.9683467,2,50,3700,dez/20,2020-01-14,14:28:00,COM VÍTIMA,FINALIZADA,SANCHO,AV LIBERDADE,612,EST DO CURADO,PROXIMO A ANTIGA PIZZARIA MANA E EM FRENTE A MONTE CARLOS. POSTE H030325.,SANCHO,,SUBURBIO,ABALROAMENTO TRANSVERSAL,COLISÃO COM VÍTIMA,1.0,1.0,,,,,,,,1.0,,Longo da via,Bom,Não existe,Perfeito estado,Seca,Perfeito estado,Não existe,R-6a,,Dupla,Faixa contínua,,
63,FIXO,Portaria 066/2007,FSMTD - 0744,FS030,AV LIBERDADE,ROD. BR-232,-8.0810669,-34.9683467,2,50,3700,dez/20,2020-01-19,09:35:00,SEM VÍTIMA,FINALIZADA,TEJIPIÓ,AV LIBERDADE,364,,PRÓXIMO A DELEGACIA DRACO,TEJIPIÓ,,SUBURBIO,ABALROAMENTO LONGITUDINAL,SEM VITIMAS,2.0,,,,,,,,,0.0,,Longo da via,Bom,Não existe,Não existente,Seca,Perfeito estado,Não existe,Não há placas,,Dupla,Faixa contínua,,
63,FIXO,Portaria 066/2007,FSMTD - 0744,FS030,AV LIBERDADE,ROD. BR-232,-8.0810669,-34.9683467,2,50,3700,dez/20,2020-02-11,10:33:00,SEM VÍTIMA,FINALIZADA,JARDIM SÃO PAULO,AV LIBERDADE,364,,E/F A DRACO,JARDIM SÃO PAULO,,,COLISÃO,COLISÃO S/VITIMAS ENTRE DOIS AUTOS,1.0,,,,,,,1.0,,0.0,,Longo da via,Bom,Não existe,Perfeito estado,Seca,Perfeito estado,Não existe,Não há placas,,Dupla,Faixa contínua,,
63,FIXO,Portaria 066/2007,FSMTD - 0744,FS030,AV LIBERDADE,ROD. BR-232,-8.0810669,-34.9683467,2,50,3700,dez/20,2020-03-16,07:22:00,SEM VÍTIMA,CANCELADA,JARDIM SÃO PAULO,AV LIBERDADE,428,,E/F AO CENTRO DEPOSTIVO DE FISIOTERAPIA,JARDIM SÃO PAULO,,,COLISÃO,COLISÃO S/VITIMAS ENTRE DOIS AUTOS,2.0,,,,,,,,,0.0,,,,,,,,,,,,,,
63,FIXO,Portaria 066/2007,FSMTD - 0744,FS030,AV LIBERDADE,ROD. BR-232,-8.0810669,-34.9683467,2,50,3700,dez/20,2020-05-02,10:05:00,SEM VÍTIMA,FINALIZADA,TEJIPIÓ,AV LIBERDADE,811,,ARMAZÉM LIBERDADE,TEJIPIÓ,,,COLISÃO,,2.0,,,,,,,,,0.0,,,,,,,,,,,,,,
63,FIXO,Portaria 066/2007,FSMTD - 0744,FS030,AV LIBERDADE,ROD. BR-232,-8.0810669,-34.9683467,2,50,3700,dez/20,2020-07-02,14:52:00,COM VÍTIMA,FINALIZADA,TEJIPIÓ,AV LIBERDADE,1427,,E/F AO PRESIDIO ANIBAL BRUNO,TEJIPIÓ,,CIDADE,ABALROAMENTO TRANSVERSAL,COLISAO ENTRE DUAS MOTO COM UMA VITIMA A OUTRA PARTE SE EVADIU DO LOCAL,,2.0,,,,,,,,1.0,,Longo da via,Bom,Não existe,Perfeito estado,Seca,Perfeito estado,Não existe,Não há placas,,Dupla,Faixa contínua,,
63,FIXO,Portaria 066/2007,FSMTD - 0744,FS030,AV LIBERDADE,ROD. BR-232,-8.0810669,-34.9683467,2,50,3700,dez/20,2020-07-12,18:31:00,COM VÍTIMA,FINALIZADA,SANCHO,AV LIBERDADE,102,,ENF. AO CEMITERIO PARQUE DAS FLORES.,SANCHO,,SUBURBIO,COLISÃO FRONTAL,MOTO X AUTO     OBS : SUSPEITA DE EMBRIAGUEZ,1.0,1.0,,,,,,,,1.0,,Longo da via,Bom,Não existe,Não existente,Seca,Perfeito estado,Não existe,Não há placas,40 km/h,Dupla,Faixa contínua,,
63,FIXO,Portaria 066/2007,FSMTD - 0744,FS030,AV LIBERDADE,ROD. BR-232,-8.0810669,-34.9683467,2,50,3700,dez/20,2020-07-24,14:23:00,COM VÍTIMA,FINALIZADA,SANCHO,AV LIBERDADE,,AV TEMPO FELIZ,E/F AO CEMITERIO PARQUE DAS FLORES  NA ENTRADA DO CONDOMINIO JARDIM PLANALTO,SANCHO,,,COLISÃO TRASEIRA,COLISAO ENTRE AUTO E MOTO COM UMA VITIMA,1.0,1.0,,,,,,,,1.0,,Cruzamento,Bom,Não existe,Perfeito estado,Seca,Perfeito estado,Faixa de pedestre,R-6c,,Dupla,Faixa contínua,,
63,FIXO,Portaria 066/2007,FSMTD - 0744,FS030,AV LIBERDADE,ROD. BR-232,-8.0810669,-34.9683467,2,50,3700,dez/20,2020-08-07,13:07:00,COM VÍTIMA,FINALIZADA,SANCHO,AV LIBERDADE,,,EM FRENTE AO CIMITERIO PARQUE DAS FLORES E PONTO DE ÔNIBUS DE Nº 070013,SANCHO,,SUBURBIO,ATROPELAMENTO,CONDUTOR DO VEICULO INFORMA QUE A PESSOA ESTAVA ATAVESSANDO A RUA E NO MEU DO CAMINHO VOLTOU E NÃO DEU TEMPO DE FREIAR,1.0,,,,1.0,,,,,1.0,,Longo da via,Bom,Não existe,Perfeito estado,Seca,Perfeito estado,Não existe,Não há placas,,Dupla,Faixa contínua,,
63,FIXO,Portaria 066/2007,FSMTD - 0744,FS030,AV LIBERDADE,ROD. BR-232,-8.0810669,-34.9683467,2,50,3700,dez/20,2020-11-02,17:13:00,COM VÍTIMA,FINALIZADA,TEJIPIÓ,AV LIBERDADE,-8.0821981- -34.9599935,,EM FRENTE DO CEMITERIO PARQUE DAS FLORES,TEJIPIÓ,,SUBURBIO,ABALROAMENTO LONGITUDINAL,COM VITIMA ESTA AGUARDANDO ATENDIMENTO DO SAMU,1.0,1.0,,,,,,,,1.0,,Longo da via,Bom,Não existe,Incompleta,Seca,Perfeito estado,Não existe,Não há placas,30 km/h,Dupla,Faixa contínua,,
63,FIXO,Portaria 066/2007,FSMTD - 0744,FS030,AV LIBERDADE,ROD. BR-232,-8.0810669,-34.9683467,2,50,3700,dez/20,2020-12-03,18:25:00,COM VÍTIMA,CANCELADA,TEJIPIÓ,AV LIBERDADE,950,,E/F A ANTIGA DELEGACIA DE FURTOS DE VEÍCULOS,TEJIPIÓ,,,COLISÃO,AUTO X MOTO. C/V,1.0,1.0,,,,,,,,1.0,,,,,,,,,,,,,,
65,FIXO,Portaria 066/2007,FSMTD - 0480,FS001,AV DEZESSETE DE AGOSTO,DOIS SENTIDOS,-8.027748,-34.928365,4,60,21700,dez/19,2020-01-08,15:54:00,SEM VÍTIMA,FINALIZADA,CASA FORTE,AV DEZESSETE DE AGOSTO,,,EM FRENTE A FARMACIA PAGUE MENOS,CASA FORTE,,CIDADE,COLISÃO TRASEIRA,COLISÃO SEM VÍTIMA,2.0,,,,,,,,,0.0,,Longo da via,Bom,Sem defeito,Perfeito estado,Seca,Perfeito estado,Faixa de pedestre,Outras,,Dupla,Faixa contínua,,
65,FIXO,Portaria 066/2007,FSMTD - 0480,FS001,AV DEZESSETE DE AGOSTO,DOIS SENTIDOS,-8.027748,-34.928365,4,60,21700,dez/19,2020-01-08,17:18:00,SEM VÍTIMA,FINALIZADA,CASA FORTE,AV DEZESSETE DE AGOSTO,,RUA PIAUI,AO LADO DO CENTRO MÉDICO SEN JOSE ERMIRIO DE MORRES,CASA FORTE,251.0,CIDADE,CHOQUE OBJETO FIXO,CAMINHÃO CHOCOU-SE COM O SEMÁFORO,,,,,,,1.0,,,0.0,,,Bom,Sem defeito,Perfeito estado,Seca,Perfeito estado,Faixa de pedestre,R-6a,,Dupla,Faixa seccionada,,
65,FIXO,Portaria 066/2007,FSMTD - 0480,FS001,AV DEZESSETE DE AGOSTO,DOIS SENTIDOS,-8.027748,-34.928365,4,60,21700,dez/19,2020-01-09,17:36:00,SEM VÍTIMA,FINALIZADA,CASA FORTE,AV DEZESSETE DE AGOSTO,1248,RUA JACO VELOSINO,FARMÁCIA DROGASIL,CASA FORTE,,,COLISÃO FRONTAL,COLISÃO SEM VÍTIMA,2.0,,,,,,,,,0.0,,Longo da via,Bom,Não existe,Perfeito estado,Seca,Perfeito estado,Não existe,Outras,,Dupla,Faixa seccionada,,
65,FIXO,Portaria 066/2007,FSMTD - 0480,FS001,AV DEZESSETE DE AGOSTO,DOIS SENTIDOS,-8.027748,-34.928365,4,60,21700,dez/19,2020-01-13,12:57:00,COM VÍTIMA,CANCELADA,CASA FORTE,AV DEZESSETE DE AGOSTO,1740,RUA DOS ARCOS,CASA ...EM FRENTE AO REAL BOTIQUIM,CASA FORTE,,,COLISÃO,COLISÃO COM VITIMA,1.0,1.0,,,,,,,,1.0,,,,,,,,,,,,,,
65,FIXO,Portaria 066/2007,FSMTD - 0480,FS001,AV DEZESSETE DE AGOSTO,DOIS SENTIDOS,-8.027748,-34.928365,4,60,21700,dez/19,2020-01-14,19:11:00,SEM VÍTIMA,CANCELADA,CASA FORTE,AV DEZESSETE DE AGOSTO,261,,PROX AO POSTO BR SENTIDO CIDADE,CASA FORTE,,,COLISÃO,COLISAO SEM VITIMAS,1.0,,,,,1.0,,,,0.0,,,,,,,,,,,,,,
65,FIXO,Portaria 066/2007,FSMTD - 0480,FS001,AV DEZESSETE DE AGOSTO,DOIS SENTIDOS,-8.027748,-34.928365,4,60,21700,dez/19,2020-01-17,19:55:00,SEM VÍTIMA,FINALIZADA,PARNAMIRIM,AV DEZESSETE DE AGOSTO,30,,E/F A DROGASIL,PARNAMIRIM,,SUBURBIO,ABALROAMENTO LONGITUDINAL,ENTRE 2 AUTOS. S/V,2.0,,,,,,,,,0.0,,Longo da via,Bom,Não existe,Perfeito estado,Seca,Perfeito estado,Não existe,Não há placas,,Única,Faixa seccionada,Canteiro central,
65,FIXO,Portaria 066/2007,FSMTD - 0480,FS001,AV DEZESSETE DE AGOSTO,DOIS SENTIDOS,-8.027748,-34.928365,4,60,21700,dez/19,2020-01-22,12:17:00,SEM VÍTIMA,FINALIZADA,CASA FORTE,AV DEZESSETE DE AGOSTO,,RUA SAMUEL FARIAS,ESQUINA DAS RUAS,CASA FORTE,,,ABALROAMENTO LONGITUDINAL,COLISÃO SEM VÍTIMA,2.0,,,,,,,,,0.0,,,Bom,Não existe,Perfeito estado,Seca,Perfeito estado,Não existe,,,Dupla,,,
65,FIXO,Portaria 066/2007,FSMTD - 0480,FS001,AV DEZESSETE DE AGOSTO,DOIS SENTIDOS,-8.027748,-34.928365,4,60,21700,dez/19,2020-01-24,21:14:00,COM VÍTIMA,FINALIZADA,CASA FORTE,AV DEZESSETE DE AGOSTO,251,RUA PIAUI,SEMÁFORO 251/ PRÓX AO MUSEU DO HOMEM DO NORDESTE E COLÉGIO MONTEIRO,CASA FORTE,251.0,CIDADE,ABALROAMENTO TRANSVERSAL,ENTRE MOTO E AUTO. C/V,1.0,1.0,,,,,,,,1.0,,Outros,Bom,Sem defeito,Incompleta,Seca,Perfeito estado,Faixa de pedestre,Não há placas,,Dupla,Faixa contínua,,
65,FIXO,Portaria 066/2007,FSMTD - 0480,FS001,AV DEZESSETE DE AGOSTO,DOIS SENTIDOS,-8.027748,-34.928365,4,60,21700,dez/19,2020-01-27,07:51:00,COM VÍTIMA,CANCELADA,CASA FORTE,AV DEZESSETE DE AGOSTO,,,,CASA FORTE,,,ACID. DE PERCURSO,MOTO / O DONO DA MOTO NAO QUIZ O ATENDIMENTO DA CTTU / SEGUINDO JUNTO COM A AMBULANCIA PARA O HOAPITAL COM A VITIMA,,1.0,,,,,,,,1.0,,,,,,,,,,,,,,
65,FIXO,Portaria 066/2007,FSMTD - 0480,FS001,AV DEZESSETE DE AGOSTO,DOIS SENTIDOS,-8.027748,-34.928365,4,60,21700,dez/19,2020-01-30,08:31:00,SEM VÍTIMA,FINALIZADA,CASA FORTE,AV DEZESSETE DE AGOSTO,1780,,,CASA FORTE,,SUBURBIO,ABALROAMENTO LONGITUDINAL,SEM VITIMAS/CTTU NO LOCAL VT 09 GM JOSENILDO GOMES/GM BRITO,2.0,,,,,,,,,0.0,,Longo da via,Bom,Não existe,Perfeito estado,Seca,Perfeito estado,Não existe,R-6a,,Dupla,Faixa seccionada,,
65,FIXO,Portaria 066/2007,FSMTD - 0480,FS001,AV DEZESSETE DE AGOSTO,DOIS SENTIDOS,-8.027748,-34.928365,4,60,21700,dez/19,2020-02-04,16:19:00,SEM VÍTIMA,FINALIZADA,CASA FORTE,AV DEZESSETE DE AGOSTO,675,RUA LAURINDO COELHO,CAOA CHERY,CASA FORTE,,SUBURBIO,ABALROAMENTO LONGITUDINAL,SEM VITIMA,1.0,,,,,1.0,,,,0.0,,Longo da via,Bom,Não existe,Perfeito estado,Seca,Perfeito estado,Não existe,Outras,,Dupla,Faixa contínua,,
65,FIXO,Portaria 066/2007,FSMTD - 0480,FS001,AV DEZESSETE DE AGOSTO,DOIS SENTIDOS,-8.027748,-34.928365,4,60,21700,dez/19,2020-02-05,13:26:00,COM VÍTIMA,FINALIZADA,POÇO DA PANELA,AV DEZESSETE DE AGOSTO,2108,AV DR SEIXAS,E/F A PAGUE MENOS/ PROX AO CRUZAMENTO COM A RUA DOUTOR SEIXAS,POÇO DA PANELA,646.0,CIDADE,ABALROAMENTO LONGITUDINAL,COLISAO COM VITIMAS,1.0,1.0,,,,,,,,1.0,,Cruzamento,Bom,Sem defeito,Perfeito estado,Seca,Perfeito estado,Faixa de retenção,,,Dupla,,,
65,FIXO,Portaria 066/2007,FSMTD - 0480,FS001,AV DEZESSETE DE AGOSTO,DOIS SENTIDOS,-8.027748,-34.928365,4,60,21700,dez/19,2020-02-09,21:08:00,COM VÍTIMA,FINALIZADA,CASA FORTE,AV DEZESSETE DE AGOSTO,675,RUA LAURINDO COELHO,ENF. AO BANCO ITAU,CASA FORTE,,SUBURBIO,ABALROAMENTO LONGITUDINAL,MOTO X HB 20,1.0,1.0,,,,,,,,1.0,,Esquina,Bom,Não existe,Ilegível,Seca,Mal iluminada,Não existe,Não há placas,,Dupla,Faixa seccionada,,
65,FIXO,Portaria 066/2007,FSMTD - 0480,FS001,AV DEZESSETE DE AGOSTO,DOIS SENTIDOS,-8.027748,-34.928365,4,60,21700,dez/19,2020-02-10,10:15:00,COM VÍTIMA,FINALIZADA,CASA FORTE,AV DEZESSETE DE AGOSTO,784,RUA SAMUEL FARIAS,EM FRENTE A 7ª REGIONAL DO EXERCITO,CASA FORTE,,CIDADE,ABALROAMENTO LONGITUDINAL,COM UMA VITIMA -SAMU NO LOCAL,1.0,1.0,,,,,,,,1.0,,Longo da via,Bom,Não existe,Perfeito estado,Seca,Perfeito estado,Não existe,Não há placas,,Dupla,Faixa contínua,,
65,FIXO,Portaria 066/2007,FSMTD - 0480,FS001,AV DEZESSETE DE AGOSTO,DOIS SENTIDOS,-8.027748,-34.928365,4,60,21700,dez/19,2020-02-18,15:31:00,SEM VÍTIMA,FINALIZADA,CASA FORTE,AV DEZESSETE DE AGOSTO,1017,RUA SANT'ANNA,AO LADO DO CPOR RECIFE,CASA FORTE,389.0,SUBURBIO,COLISÃO,COLISÃO S/VITIMAS ENTRE DOIS AUTOS,2.0,,,,,,,,,0.0,,Longo da via,Bom,Não existe,Perfeito estado,Seca,Perfeito estado,Não existe,R-6a,,Dupla,Faixa contínua,Faixa seccionada,
65,FIXO,Portaria 066/2007,FSMTD - 0480,FS001,AV DEZESSETE DE AGOSTO,DOIS SENTIDOS,-8.027748,-34.928365,4,60,21700,dez/19,2020-02-19,21:41:00,SEM VÍTIMA,FINALIZADA,CASA FORTE,AV DEZESSETE DE AGOSTO,,,E/F A PRAÇA DE CASA FORTE,CASA FORTE,372.0,CIDADE,COLISÃO,COLISAO SEM VITIMAS,2.0,1.0,,,,,,,,0.0,,Longo da via,Chuvoso,Sem defeito,Perfeito estado,Molhada,Perfeito estado,Faixa de pedestre,R-6a,,Dupla,Faixa seccionada,,
65,FIXO,Portaria 066/2007,FSMTD - 0480,FS001,AV DEZESSETE DE AGOSTO,DOIS SENTIDOS,-8.027748,-34.928365,4,60,21700,dez/19,2020-02-21,09:59:00,SEM VÍTIMA,CANCELADA,CASA FORTE,AV DEZESSETE DE AGOSTO,1472,EST REAL DO POCO,EM FRENTE A AMERICANA EXPRESS,CASA FORTE,,,COLISÃO,DOIS AUTOS,2.0,,,,,,,,,0.0,,,,,,,,,,,,,,
65,FIXO,Portaria 066/2007,FSMTD - 0480,FS001,AV DEZESSETE DE AGOSTO,DOIS SENTIDOS,-8.027748,-34.928365,4,60,21700,dez/19,2020-03-05,18:21:00,SEM VÍTIMA,CANCELADA,CASA FORTE,AV DEZESSETE DE AGOSTO,,PRC RADIO JORNAL DO COMERCIO,PROX AO SHOPPING PLAZA E A PRC RADIO JORNAL DO COMERCIO,CASA FORTE,,,COLISÃO,MOB X ONIX,2.0,,,,,,,,,0.0,,,,,,,,,,,,,,
65,FIXO,Portaria 066/2007,FSMTD - 0480,FS001,AV DEZESSETE DE AGOSTO,DOIS SENTIDOS,-8.027748,-34.928365,4,60,21700,dez/19,2020-03-07,16:49:00,COM VÍTIMA,FINALIZADA,CASA FORTE,AV DEZESSETE DE AGOSTO,892,RUA DONA ADA VIEIRA,EDF CASA GRANDE,CASA FORTE,,CIDADE,ABALROAMENTO LONGITUDINAL,COLISAO COM VITIMA ENTRE VEICULO E MOTO. VT 29 GCM: PAULO VANDERLEI E LEONARDO MESEIS,1.0,1.0,,,,,,,,1.0,,Longo da via,Bom,Não existe,Perfeito estado,Seca,Perfeito estado,Não existe,R-6a,,Dupla,Faixa,,
65,FIXO,Portaria 066/2007,FSMTD - 0480,FS001,AV DEZESSETE DE AGOSTO,DOIS SENTIDOS,-8.027748,-34.928365,4,60,21700,dez/19,2020-03-12,17:22:00,COM VÍTIMA,FINALIZADA,CASA FORTE,AV DEZESSETE DE AGOSTO,2184,,LADO OPOSTO A FUNDAÇÃO JOAQUIM NABUCO,CASA FORTE,,SUBURBIO,CHOQUE VEÍCULO PARADO,UM DOS VEÍCULOS SE EVADIU DO LOCAL,,1.0,,,,,,,,1.0,,Longo da via,Bom,Não existe,Perfeito estado,Seca,Perfeito estado,Faixa de pedestre,R-6a,,Dupla,Faixa seccionada,,
65,FIXO,Portaria 066/2007,FSMTD - 0480,FS001,AV DEZESSETE DE AGOSTO,DOIS SENTIDOS,-8.027748,-34.928365,4,60,21700,dez/19,2020-03-14,21:05:00,SEM VÍTIMA,FINALIZADA,CASA FORTE,AV DEZESSETE DE AGOSTO,1725,,BAR REAL,CASA FORTE,,CIDADE,ABALROAMENTO LONGITUDINAL,ONIBUS X POLO,1.0,,,,,1.0,,,,0.0,,,Bom,Não existe,Perfeito estado,Seca,Perfeito estado,Não existe,Não há placas,,Dupla,Faixa contínua,,
65,FIXO,Portaria 066/2007,FSMTD - 0480,FS001,AV DEZESSETE DE AGOSTO,DOIS SENTIDOS,-8.027748,-34.928365,4,60,21700,dez/19,2020-03-16,14:04:00,COM VÍTIMA,FINALIZADA,PARNAMIRIM,AV DEZESSETE DE AGOSTO,209,,AO LADO DA CULTURA INGLESA,PARNAMIRIM,411.0,,COLISÃO TRASEIRA,COLISAO ENTRE AUTO E MOTO COM UMA VITIMA,1.0,1.0,,,,,,,,1.0,,Longo da via,Bom,Sem defeito,Perfeito estado,Seca,Perfeito estado,Faixa de retenção,Outras,,Dupla,Faixa contínua,,
65,FIXO,Portaria 066/2007,FSMTD - 0480,FS001,AV DEZESSETE DE AGOSTO,DOIS SENTIDOS,-8.027748,-34.928365,4,60,21700,dez/19,2020-03-23,08:45:00,SEM VÍTIMA,FINALIZADA,CASA FORTE,AV DEZESSETE DE AGOSTO,175,RUA JOSE DE GODOY VASCONCELOS,EM  FRENTE AO EDIFICIO PRINCIPE DE GALES,CASA FORTE,,CIDADE,COLISÃO,COLISÃO SEM VITIMAS  GM RENATO E WELLNGTON  QTH,1.0,1.0,,,,,,,,0.0,,Cruzamento,Bom,Não existe,Perfeito estado,Seca,Perfeito estado,Não existe,Placas Pare,60 km/h,Dupla,,,