_id,tipo_equipamento,registro_inmetro,numero_serie_fabricante,identificacao_equipamento,local_instalacao,sentido_fiscalizacao,latitude,longitude,faixas_fiscalizadas,velocidade_fiscalizada,vmd,periodo_vmd,data,hora,natureza_acidente,situacao,bairro,endereco,numero,detalhe_endereco_acidente,complemento,bairro_cruzamento,num_semaforo,sentido_via,tipo,descricao,auto,moto,ciclom,ciclista,pedestre,onibus,caminhao,viatura,outros,vitimas,vitimasfatais,acidente_verificado,tempo_clima,situacao_semaforo,sinalizacao,condicao_via,conservacao_via,ponto_controle,situacao_placa,velocidade_max_via,mao_direcao,divisao_via1,divisao_via2,divisao_via3
65,FIXO,Portaria 066/2007,FSMTD - 0480,FS001,AV DEZESSETE DE AGOSTO,DOIS SENTIDOS,-8.027748,-34.928365,4,60,21700,dez/19,2020-04-02,18:52:00,COM VÍTIMA,FINALIZADA,CASA FORTE,AV DEZESSETE DE AGOSTO,1161,RUA DO CHACON,PRÓX A PRAÇA DE CASA FORTE E CPOR. DELTA EXPRESSO.,CASA FORTE,,CIDADE,ABALROAMENTO LONGITUDINAL,ENTRE MOTO E AUTO. C/V,1.0,1.0,,,,,,,,1.0,,Longo da via,Bom,Não existe,Perfeito estado,Seca,Perfeito estado,,Não há placas,60 km/h,Dupla,Faixa,,
65,FIXO,Portaria 066/2007,FSMTD - 0480,FS001,AV DEZESSETE DE AGOSTO,DOIS SENTIDOS,-8.027748,-34.928365,4,60,21700,dez/19,2020-05-09,15:33:00,COM VÍTIMA,FINALIZADA,MONTEIRO,AV DEZESSETE DE AGOSTO,50,,EM FRENTE DO EDIFÍCIO PORTA DÁGUA,MONTEIRO,,CIDADE,ATROPELAMENTO,ATROPELAMENTO ENTRE AUTO E PEDESTRE,1.0,,,,1.0,,,,,1.0,,Longo da via,Bom,Não existe,Perfeito estado,Seca,Perfeito estado,Não existe,Não há placas,60 km/h,Dupla,Faixa contínua,,
65,FIXO,Portaria 066/2007,FSMTD - 0480,FS001,AV DEZESSETE DE AGOSTO,DOIS SENTIDOS,-8.027748,-34.928365,4,60,21700,dez/19,2020-05-20,12:56:00,COM VÍTIMA,FINALIZADA,CASA FORTE,AV DEZESSETE DE AGOSTO,2202,,MUSEU DO HOMEM DO NORDESTE,CASA FORTE,,SUBURBIO,ABALROAMENTO TRANSVERSAL,TRÊS MOTOCICLETAS E UM AUTO PASSEIO COM VÍTIMA,1.0,3.0,,,,,,,,1.0,,Longo da via,Nublado,Sem defeito,Perfeito estado,Seca,Perfeito estado,Faixa de pedestre,Não há placas,,Dupla,Faixa contínua,,
65,FIXO,Portaria 066/2007,FSMTD - 0480,FS001,AV DEZESSETE DE AGOSTO,DOIS SENTIDOS,-8.027748,-34.928365,4,60,21700,dez/19,2020-06-12,14:48:00,COM VÍTIMA,FINALIZADA,APIPUCOS,AV DEZESSETE DE AGOSTO,,RUA GOVERNADOR SEABRA,,APIPUCOS,,SUBURBIO,ABALROAMENTO LONGITUDINAL,AUTO PASSEIO E MOTOCICLETA COM DUAS VÍTIMAS,1.0,1.0,,,,,,,,2.0,,Longo da via,Bom,Não existe,Perfeito estado,Seca,Perfeito estado,Não existe,R-6a,,Dupla,Faixa seccionada,,
65,FIXO,Portaria 066/2007,FSMTD - 0480,FS001,AV DEZESSETE DE AGOSTO,DOIS SENTIDOS,-8.027748,-34.928365,4,60,21700,dez/19,2020-06-17,15:20:00,COM VÍTIMA,FINALIZADA,CASA FORTE,AV DEZESSETE DE AGOSTO,2187,,PROXIMO AO MUSEU. FUNDAÇÃO JOAQUIM NABUCO,CASA FORTE,,CIDADE,COLISÃO TRASEIRA,,2.0,,,,,,,,,1.0,,Longo da via,Bom,Não existe,Perfeito estado,Seca,Perfeito estado,Não existe,Não há placas,,Dupla,Faixa contínua,,
65,FIXO,Portaria 066/2007,FSMTD - 0480,FS001,AV DEZESSETE DE AGOSTO,DOIS SENTIDOS,-8.027748,-34.928365,4,60,21700,dez/19,2020-06-19,07:46:00,SEM VÍTIMA,FINALIZADA,CASA FORTE,AV DEZESSETE DE AGOSTO,,,EM FRENTE A PIZZARIA HUTT,CASA FORTE,,,CHOQUE,VEÍCULO COLIDIU COM UM POSTE ESTÁ ATRAVESSADO NA VIA,1.0,,,,,,,,,0.0,,Longo da via,Chuvoso,Não existe,Perfeito estado,Molhada,Perfeito estado,Não existe,Outras,N/I,Dupla,Faixa contínua,,
65,FIXO,Portaria 066/2007,FSMTD - 0480,FS001,AV DEZESSETE DE AGOSTO,DOIS SENTIDOS,-8.027748,-34.928365,4,60,21700,dez/19,2020-06-20,13:26:00,SEM VÍTIMA,FINALIZADA,CASA FORTE,AV DEZESSETE DE AGOSTO,508,,EM FRENTE AO SHOPPING PLAZA,CASA FORTE,,CIDADE,COLISÃO,COLISÃO SEM VITIMA,2.0,1.0,,,,,,,,0.0,,Longo da via,Bom,Sem defeito,Perfeito estado,Seca,Perfeito estado,Faixa de pedestre,Outras,N/I,Dupla,Faixa contínua,,
65,FIXO,Portaria 066/2007,FSMTD - 0480,FS001,AV DEZESSETE DE AGOSTO,DOIS SENTIDOS,-8.027748,-34.928365,4,60,21700,dez/19,2020-06-20,14:58:00,SEM VÍTIMA,FINALIZADA,CASA FORTE,AV DEZESSETE DE AGOSTO,487,,EM FRENTE AO N 487,CASA FORTE,,CIDADE,COLISÃO,COLISÃO SEM VITIMA,2.0,,,,,,,,,0.0,,Longo da via,Bom,Não existe,Perfeito estado,Seca,Perfeito estado,Outros,Outras,N/I,Dupla,Faixa contínua,,
65,FIXO,Portaria 066/2007,FSMTD - 0480,FS001,AV DEZESSETE DE AGOSTO,DOIS SENTIDOS,-8.027748,-34.928365,4,60,21700,dez/19,2020-07-11,17:38:00,COM VÍTIMA,FINALIZADA,MONTEIRO,AV DEZESSETE DE AGOSTO,2290,RUA PIAUI,AO LADO DO CENTRO OFTAMOLOGICO SENADOR ERMIRIO DE MORAES/ AO LADO DO POSTO DISLUB,MONTEIRO,251.0,CIDADE,COLISÃO FRONTAL,AUTO E MOTO,1.0,1.0,,,,,,,,1.0,,Cruzamento,Chuvoso,Sem defeito,Perfeito estado,Molhada,Perfeito estado,Faixa de pedestre,Outras,,Dupla,Faixa contínua,,
65,FIXO,Portaria 066/2007,FSMTD - 0480,FS001,AV DEZESSETE DE AGOSTO,DOIS SENTIDOS,-8.027748,-34.928365,4,60,21700,dez/19,2020-08-02,07:14:00,COM VÍTIMA,FINALIZADA,MONTEIRO,AV DEZESSETE DE AGOSTO,50,,PRAÇA DO MONTEIRO,MONTEIRO,,SUBURBIO,ABALROAMENTO TRANSVERSAL,CAMINHONETE E AUTO PASSEIO.,2.0,,,,,,,,,1.0,,Longo da via,Bom,Não existe,Perfeito estado,Seca,Perfeito estado,Não existe,Outras,,Dupla,,,
65,FIXO,Portaria 066/2007,FSMTD - 0480,FS001,AV DEZESSETE DE AGOSTO,DOIS SENTIDOS,-8.027748,-34.928365,4,60,21700,dez/19,2020-08-12,18:28:00,COM VÍTIMA,FINALIZADA,PARNAMIRIM,AV DEZESSETE DE AGOSTO,125,RUA JOAO DA SILVA TELES,EM FRENTE AO BANCO BRADESCO E DA FRUTARIA.,PARNAMIRIM,,SUBURBIO,ATROPELAMENTO,MOTO E PEDESTRE,,1.0,,,1.0,,,,,2.0,,Longo da via,Bom,Não existe,Perfeito estado,Seca,Perfeito estado,Não existe,Outras,,Dupla,Faixa contínua,,
65,FIXO,Portaria 066/2007,FSMTD - 0480,FS001,AV DEZESSETE DE AGOSTO,DOIS SENTIDOS,-8.027748,-34.928365,4,60,21700,dez/19,2020-08-13,23:39:00,COM VÍTIMA,FINALIZADA,CASA FORTE,AV DEZESSETE DE AGOSTO,1950,RUA MARECHAL RONDON,PROXIMO A LABORATÓRIO ROBERTO MAGALHÃES,CASA FORTE,,,COLISÃO FRONTAL,COLISÃO COM VITMAS ENVOLVENDO DOIS AUTO (CONDUTOR COM SINTOMAS DE EMBRIAGUES),2.0,,,,,,,,,1.0,,Cruzamento,Bom,,Perfeito estado,Seca,Perfeito estado,Não existe,,,Dupla,Faixa contínua,,
65,FIXO,Portaria 066/2007,FSMTD - 0480,FS001,AV DEZESSETE DE AGOSTO,DOIS SENTIDOS,-8.027748,-34.928365,4,60,21700,dez/19,2020-08-16,11:36:00,COM VÍTIMA,FINALIZADA,CASA FORTE,AV DEZESSETE DE AGOSTO,312,,E/F A BURGUER KING E PET SHOP PETLAND,CASA FORTE,,,ABALROAMENTO TRANSVERSAL,COLISÃO C/VITIMA ENTRE UMA MOTO E UM AUTO,1.0,1.0,,,,,,,,1.0,,Longo da via,Bom,Não existe,Perfeito estado,Seca,Perfeito estado,Outros,R-6a,,Dupla,Faixa contínua,,
65,FIXO,Portaria 066/2007,FSMTD - 0480,FS001,AV DEZESSETE DE AGOSTO,DOIS SENTIDOS,-8.027748,-34.928365,4,60,21700,dez/19,2020-09-06,11:08:00,COM VÍTIMA,FINALIZADA,CASA FORTE,AV DEZESSETE DE AGOSTO,,,NA ENTRADA DO SHOPPING PLAZA EM FRENTE AO MC DONALD´S,CASA FORTE,,SUBURBIO,ABALROAMENTO LONGITUDINAL,COLISÃO COM VITIMAS A ESPERA DO SAMU,1.0,1.0,,,,,,,,2.0,,Longo da via,Bom,Não existe,Perfeito estado,Seca,Perfeito estado,Não existe,Outras,50 km/h,Dupla,Faixa contínua,,
65,FIXO,Portaria 066/2007,FSMTD - 0480,FS001,AV DEZESSETE DE AGOSTO,DOIS SENTIDOS,-8.027748,-34.928365,4,60,21700,dez/19,2020-09-09,07:00:00,COM VÍTIMA,FINALIZADA,CASA FORTE,AV DEZESSETE DE AGOSTO,2541,EST DO ARRAIAL,E/F A COMPESA. LIVRARIA E CAFÉ 17,CASA FORTE,107.0,CIDADE,COLISÃO COM CICLISTA,COLISÃO ENTRE UM ONIBUS E UM CICLISTA,,,,1.0,,1.0,,,,1.0,,Cruzamento,Chuvoso,Sem defeito,Perfeito estado,Molhada,Perfeito estado,Faixa de pedestre,R-6c,60 km/h,Dupla,Faixa contínua,,
65,FIXO,Portaria 066/2007,FSMTD - 0480,FS001,AV DEZESSETE DE AGOSTO,DOIS SENTIDOS,-8.027748,-34.928365,4,60,21700,dez/19,2020-10-16,11:54:00,COM VÍTIMA,FINALIZADA,CASA FORTE,AV DEZESSETE DE AGOSTO,939,,LADO OPOSTO A PZZARIA HURT,CASA FORTE,,SUBURBIO,COLISÃO TRASEIRA,COLISÃO COM VITIMA,1.0,1.0,,,,,,,,1.0,,Longo da via,Bom,Não existe,Perfeito estado,Seca,Perfeito estado,Não existe,Outras,,Dupla,Faixa contínua,,
65,FIXO,Portaria 066/2007,FSMTD - 0480,FS001,AV DEZESSETE DE AGOSTO,DOIS SENTIDOS,-8.027748,-34.928365,4,60,21700,dez/19,2020-10-16,20:28:00,SEM VÍTIMA,CANCELADA,CASA FORTE,AV DEZESSETE DE AGOSTO,,,SEMÁFORO 469/ NO COMEÇO QUE DA NA EST DAS UBAIAS,CASA FORTE,,,COLISÃO,ENTE 2 AUTOS ( CONDUTOR DO HYUNDAI- SEGUNDO AS INFO DO USUÁRIO- APRESENTA SINAIS FORTES DE EMBRIAGUEZ) S/V,2.0,,,,,,,,,0.0,,,,,,,,,,,,,,
65,FIXO,Portaria 066/2007,FSMTD - 0480,FS001,AV DEZESSETE DE AGOSTO,DOIS SENTIDOS,-8.027748,-34.928365,4,60,21700,dez/19,2020-10-16,23:55:00,COM VÍTIMA,CANCELADA,CASA FORTE,AV DEZESSETE DE AGOSTO,357,,EM FRENTE A BUGER KING,CASA FORTE,,,COLISÃO,COLISÃO MOTO X AUTO,1.0,1.0,,,,,,,,1.0,,,,,,,,,,,,,,
65,FIXO,Portaria 066/2007,FSMTD - 0480,FS001,AV DEZESSETE DE AGOSTO,DOIS SENTIDOS,-8.027748,-34.928365,4,60,21700,dez/19,2020-11-04,15:45:00,COM VÍTIMA,FINALIZADA,CASA FORTE,AV DEZESSETE DE AGOSTO,,RUA PIAUI,PROX AO HOSPITAL HEMILIO DE MORAIS,CASA FORTE,251.0,SUBURBIO,COLISÃO FRONTAL,COLISÃO MOTO X CARRO / VT 27 NO LOCAL,1.0,1.0,,,,,,,,1.0,,Cruzamento,Bom,Sem defeito,Perfeito estado,Seca,Perfeito estado,Agente,R-6a,,Dupla,Faixa contínua,,
65,FIXO,Portaria 066/2007,FSMTD - 0480,FS001,AV DEZESSETE DE AGOSTO,DOIS SENTIDOS,-8.027748,-34.928365,4,60,21700,dez/19,2020-11-04,16:22:00,COM VÍTIMA,FINALIZADA,PARNAMIRIM,AV DEZESSETE DE AGOSTO,223,,50 METROS ANTES DA CULTURA INGLESA. PRAÇA JOSÉ VILELA.,PARNAMIRIM,,SUBURBIO,ABALROAMENTO LONGITUDINAL,COLISAO ENVOLVENDO AUTO- ONIBUS E MOTO COM VITIMA.,1.0,1.0,,,,1.0,,,,1.0,,Longo da via,Bom,Não existe,Perfeito estado,Seca,Perfeito estado,Não existe,Não há placas,,Dupla,Faixa contínua,,
65,FIXO,Portaria 066/2007,FSMTD - 0480,FS001,AV DEZESSETE DE AGOSTO,DOIS SENTIDOS,-8.027748,-34.928365,4,60,21700,dez/19,2020-11-05,13:54:00,COM VÍTIMA,FINALIZADA,CASA FORTE,AV DEZESSETE DE AGOSTO,1255,,ANTES DA PRAÇA VITORIA REGIA S/T CID ENTRE A FARMACIA DROGASIL E O POSTO PETROBRAS,CASA FORTE,,,ABALROAMENTO TRANSVERSAL,COLISAO ENTRE AUTO E MOTO COM VITIMA,1.0,1.0,,,,,,,,1.0,,Longo da via,Bom,Não existe,Perfeito estado,Seca,Perfeito estado,Não existe,Outras,,Dupla,,,
65,FIXO,Portaria 066/2007,FSMTD - 0480,FS001,AV DEZESSETE DE AGOSTO,DOIS SENTIDOS,-8.027748,-34.928365,4,60,21700,dez/19,2020-11-11,20:45:00,COM VÍTIMA,FINALIZADA,CASA FORTE,AV DEZESSETE DE AGOSTO,1691,EST DAS UBAIAS,PROX AO FORTE FESTA,CASA FORTE,469.0,SUBURBIO,ABALROAMENTO LONGITUDINAL,AUTO X MOTO,1.0,1.0,,,,,,,,1.0,,Cruzamento,Bom,Sem defeito,Perfeito estado,Seca,Perfeito estado,Faixa de pedestre,Outras,,Dupla,Faixa contínua,,
65,FIXO,Portaria 066/2007,FSMTD - 0480,FS001,AV DEZESSETE DE AGOSTO,DOIS SENTIDOS,-8.027748,-34.928365,4,60,21700,dez/19,2020-11-27,16:56:00,COM VÍTIMA,FINALIZADA,APIPUCOS,AV DEZESSETE DE AGOSTO,222,,APOS O COLEGIO SILVA JARDIM,APIPUCOS,,SUBURBIO,COLISÃO TRASEIRA,COLISAO ENTRE AUTO E MOTO COM UMA VITIMA,1.0,1.0,,,,,,,,1.0,,Longo da via,Bom,Não existe,Perfeito estado,Seca,Perfeito estado,,Outras,,Dupla,Faixa contínua,,
65,FIXO,Portaria 066/2007,FSMTD - 0480,FS001,AV DEZESSETE DE AGOSTO,DOIS SENTIDOS,-8.027748,-34.928365,4,60,21700,dez/19,2020-11-29,08:55:00,COM VÍTIMA,FINALIZADA,CASA FORTE,AV DEZESSETE DE AGOSTO,2505,,EM FRENTE A RPA . GERÊNCIA OPERACIONAL DE FISCALIZAÇÃO.,CASA FORTE,,CIDADE,COLISÃO TRASEIRA,COLISÃO COM VITIMA GM MILLER  QTH,2.0,,,,,,,,,1.0,,Longo da via,Bom,Sem defeito,Perfeito estado,Seca,Perfeito estado,Faixa de pedestre,R-6a,60 km/h,Dupla,Faixa contínua,,
65,FIXO,Portaria 066/2007,FSMTD - 0480,FS001,AV DEZESSETE DE AGOSTO,DOIS SENTIDOS,-8.027748,-34.928365,4,60,21700,dez/19,2020-12-02,08:17:00,COM VÍTIMA,FINALIZADA,CASA FORTE,AV DEZESSETE DE AGOSTO,1961,,EM FRENTE AO LABORATORIO MARCELO MAGALHAES,CASA FORTE,,CIDADE,ABALROAMENTO LONGITUDINAL,AUTO E MOTO.,1.0,1.0,,,,,,,,2.0,,Longo da via,Bom,Sem defeito,Perfeito estado,Seca,Perfeito estado,Não existe,R-6a,,Dupla,Faixa contínua,,
65,FIXO,Portaria 066/2007,FSMTD - 0480,FS001,AV DEZESSETE DE AGOSTO,DOIS SENTIDOS,-8.027748,-34.928365,4,60,21700,dez/19,2020-12-02,20:22:00,COM VÍTIMA,CANCELADA,CASA FORTE,AV DEZESSETE DE AGOSTO,1953,,EM FRENTE A CNA- AO LADO DO LABORATORIO MARCELO MAGALHÃES,CASA FORTE,,,COLISÃO,COLISÃO ENTRE AUTO E MOTO- C/V,1.0,1.0,,,,,,,,1.0,,,,,,,,,,,,,,
65,FIXO,Portaria 066/2007,FSMTD - 0480,FS001,AV DEZESSETE DE AGOSTO,DOIS SENTIDOS,-8.027748,-34.928365,4,60,21700,dez/19,2020-12-08,19:38:00,COM VÍTIMA,CANCELADA,CASA FORTE,AV DEZESSETE DE AGOSTO,784,,EM FRENTE AO PARQUE REGIONAL DE MANUTENÇÃO DO EXÉRCITO,CASA FORTE,,,COLISÃO,COLISÃO ENTRE AUTO E MOTO- COM VÍTIMA,1.0,1.0,,,,,,,,1.0,,,,,,,,,,,,,,
66,FIXO,Portaria 066/2007,FSMTD – 0601,FS038,RUA VISCONDE DE JEQUITINHONHA,SUBÚRBIO,-8.14438,-34.906482,3,60,28300,jan/22,2020-01-02,12:21:00,COM VÍTIMA,FINALIZADA,BOA VIAGEM,RUA VISCONDE DE JEQUITINHONHA,410,,E/F AO SOBERANO,BOA VIAGEM,,CIDADE,COLISÃO TRASEIRA,ENTRE AUTO PASSEIO X MOTO COM VÍTIMA,1.0,1.0,,,,,,,,1.0,,Longo da via,Bom,Sem defeito,Perfeito estado,Seca,Perfeito estado,,Não há placas,,Única,,,
66,FIXO,Portaria 066/2007,FSMTD – 0601,FS038,RUA VISCONDE DE JEQUITINHONHA,SUBÚRBIO,-8.14438,-34.906482,3,60,28300,jan/22,2020-01-07,17:37:00,COM VÍTIMA,FINALIZADA,BOA VIAGEM,RUA VISCONDE DE JEQUITINHONHA,652,RUA ERNESTO DE PAULA SANTOS,NO SEMAFORO 304,BOA VIAGEM,304.0,CIDADE,COLISÃO COM CICLISTA,COLISAO COM CICLISTA,1.0,,,1.0,,,,,,1.0,,Cruzamento,Bom,Sem defeito,Perfeito estado,Seca,Perfeito estado,Faixa de pedestre,R-6a,30 km/h,Única,Não existe,,
66,FIXO,Portaria 066/2007,FSMTD – 0601,FS038,RUA VISCONDE DE JEQUITINHONHA,SUBÚRBIO,-8.14438,-34.906482,3,60,28300,jan/22,2020-01-09,22:59:00,COM VÍTIMA,FINALIZADA,BOA VIAGEM,RUA VISCONDE DE JEQUITINHONHA,2938,,E/F AO CONDOMINIO VIA FARINI,BOA VIAGEM,,SUBURBIO,ABALROAMENTO LONGITUDINAL,MOTO X AUTO PASSEIO COM VÍTIMA,1.0,1.0,,,,,,,,1.0,,Longo da via,Bom,Não existe,Perfeito estado,Seca,Perfeito estado,Não existe,Outras,60 km/h,Dupla,Faixa seccionada,,
66,FIXO,Portaria 066/2007,FSMTD – 0601,FS038,RUA VISCONDE DE JEQUITINHONHA,SUBÚRBIO,-8.14438,-34.906482,3,60,28300,jan/22,2020-01-10,18:10:00,SEM VÍTIMA,FINALIZADA,BOA VIAGEM,RUA VISCONDE DE JEQUITINHONHA,,AV ARMINDO MOURA,,BOA VIAGEM,258.0,,COLISÃO TRASEIRA,COLISAO SEM VITIMAS,2.0,,,,,,,,,0.0,,Cruzamento,Bom,Sem defeito,Perfeito estado,Seca,Perfeito estado,Faixa de pedestre,Não há placas,60 km/h,Única,Faixa contínua,,
66,FIXO,Portaria 066/2007,FSMTD – 0601,FS038,RUA VISCONDE DE JEQUITINHONHA,SUBÚRBIO,-8.14438,-34.906482,3,60,28300,jan/22,2020-01-14,06:52:00,SEM VÍTIMA,FINALIZADA,BOA VIAGEM,RUA VISCONDE DE JEQUITINHONHA,,,EM FRENTE A GALERIA SETUBAL CENTER,BOA VIAGEM,433.0,,COLISÃO TRASEIRA,COLISAO S/ VITIMA. ENTRE DOIS VEICULOS,2.0,,,,,,,,,0.0,,Longo da via,Bom,Sem defeito,Perfeito estado,Seca,Perfeito estado,Faixa de retenção,Não há placas,,Única,Faixa contínua,,
66,FIXO,Portaria 066/2007,FSMTD – 0601,FS038,RUA VISCONDE DE JEQUITINHONHA,SUBÚRBIO,-8.14438,-34.906482,3,60,28300,jan/22,2020-01-17,00:32:00,SEM VÍTIMA,FINALIZADA,BOA VIAGEM,RUA VISCONDE DE JEQUITINHONHA,,,AO LADO DO RECIFE FLAT HOTEL,BOA VIAGEM,,SUBURBIO,CHOQUE VEÍCULO PARADO,CONDUTOR PERDEU O CONTROLE DO SEU VEÍCULO E ACABOU COLIDINDO CONTRA AUTO ESTACIONADO. S/V,2.0,,,,,,,,,0.0,,Longo da via,Bom,Não existe,Perfeito estado,Seca,Perfeito estado,Não existe,Não há placas,,Única,Faixa contínua,,
66,FIXO,Portaria 066/2007,FSMTD – 0601,FS038,RUA VISCONDE DE JEQUITINHONHA,SUBÚRBIO,-8.14438,-34.906482,3,60,28300,jan/22,2020-01-23,16:38:00,SEM VÍTIMA,FINALIZADA,BOA VIAGEM,RUA VISCONDE DE JEQUITINHONHA,1656,RUA JOSE MOREIRA LEAL,,BOA VIAGEM,,SUBURBIO,ABALROAMENTO TRANSVERSAL,COLISÃO SEM VITIMA,2.0,,,,,,,,,0.0,,,Bom,Não existe,Perfeito estado,Seca,Perfeito estado,Faixa de pedestre,Placas Pare,30 km/h,Única,Faixa seccionada,,
66,FIXO,Portaria 066/2007,FSMTD – 0601,FS038,RUA VISCONDE DE JEQUITINHONHA,SUBÚRBIO,-8.14438,-34.906482,3,60,28300,jan/22,2020-01-24,15:21:00,SEM VÍTIMA,FINALIZADA,BOA VIAGEM,RUA VISCONDE DE JEQUITINHONHA,1418,,E/F AO EDF CARA VELAS,BOA VIAGEM,,,COLISÃO,COLISAO SEM VITIMAS,2.0,,,,,,,,,0.0,,,,,,,,,,,,,,
66,FIXO,Portaria 066/2007,FSMTD – 0601,FS038,RUA VISCONDE DE JEQUITINHONHA,SUBÚRBIO,-8.14438,-34.906482,3,60,28300,jan/22,2020-01-24,19:44:00,SEM VÍTIMA,FINALIZADA,BOA VIAGEM,RUA VISCONDE DE JEQUITINHONHA,350,,SHOPPING RECIFE,BOA VIAGEM,,CIDADE,ABALROAMENTO LONGITUDINAL,ENTRE 2 AUTOS. S/V,2.0,,,,,,,,,0.0,,Longo da via,Bom,Não existe,Perfeito estado,Seca,Perfeito estado,Faixa de pedestre,Não há placas,40 km/h,Única,Não existe,,
66,FIXO,Portaria 066/2007,FSMTD – 0601,FS038,RUA VISCONDE DE JEQUITINHONHA,SUBÚRBIO,-8.14438,-34.906482,3,60,28300,jan/22,2020-01-29,07:10:00,COM VÍTIMA,CANCELADA,BOA VIAGEM,RUA VISCONDE DE JEQUITINHONHA,,RUA BRUNO VELOSO,PARADA 2 SHOPPING RECIFE,BOA VIAGEM,,,COLISÃO COM CICLISTA,ONIBUS E CICLISTA,,,,1.0,,,,,,1.0,,,,,,,,,,,,,,
66,FIXO,Portaria 066/2007,FSMTD – 0601,FS038,RUA VISCONDE DE JEQUITINHONHA,SUBÚRBIO,-8.14438,-34.906482,3,60,28300,jan/22,2020-02-11,16:53:00,SEM VÍTIMA,FINALIZADA,BOA VIAGEM,RUA VISCONDE DE JEQUITINHONHA,,,COLADO COM O MURO DA AERONAUTICA APÓS O POSTO IPIRANGA,BOA VIAGEM,,SUBURBIO,COLISÃO,COLISAO COM VITIMAS,2.0,,,,,,,,,0.0,,Longo da via,Bom,Não existe,Perfeito estado,Seca,Perfeito estado,Não existe,,,Única,Faixa seccionada,,
66,FIXO,Portaria 066/2007,FSMTD – 0601,FS038,RUA VISCONDE DE JEQUITINHONHA,SUBÚRBIO,-8.14438,-34.906482,3,60,28300,jan/22,2020-02-12,23:06:00,SEM VÍTIMA,FINALIZADA,BOA VIAGEM,RUA VISCONDE DE JEQUITINHONHA,2390,,PROX DO RECIFE FLAT SERVICE- AO LADO DO EDIFÍCIO SAINT JOHN,BOA VIAGEM,,SUBURBIO,CHOQUE VEÍCULO PARADO,AUTO CHOCOU-SE EM AUTO QUE ESTAVA ESTACIONADO S/V,2.0,,,,,,,,,0.0,,Longo da via,Bom,Não existe,Perfeito estado,Seca,Perfeito estado,Não existe,Não há placas,,Única,Faixa seccionada,,
66,FIXO,Portaria 066/2007,FSMTD – 0601,FS038,RUA VISCONDE DE JEQUITINHONHA,SUBÚRBIO,-8.14438,-34.906482,3,60,28300,jan/22,2020-02-15,04:08:00,SEM VÍTIMA,FINALIZADA,BOA VIAGEM,RUA VISCONDE DE JEQUITINHONHA,,RUA BARAO DE SOUZA LEAO,,BOA VIAGEM,129.0,SUBURBIO,COLISÃO,COLISÃO ENTRE DOIS AUTOS- C/V,2.0,,,,,,,,,0.0,,Cruzamento,Bom,Sem defeito,Perfeito estado,Seca,Perfeito estado,Faixa de pedestre,Outras,,Única,Canal,,
66,FIXO,Portaria 066/2007,FSMTD – 0601,FS038,RUA VISCONDE DE JEQUITINHONHA,SUBÚRBIO,-8.14438,-34.906482,3,60,28300,jan/22,2020-02-20,14:27:00,SEM VÍTIMA,FINALIZADA,BOA VIAGEM,RUA VISCONDE DE JEQUITINHONHA,1140,,ANTES DO PARQUE DONA LINDU,BOA VIAGEM,,SUBURBIO,COLISÃO,COLISAO S/ VITIMKA ENTRE DOIS VEICULOS. BATEDOR MANOEL SILVA E EVERTON NO LOCAL,2.0,,,,,,,,,0.0,,Longo da via,Chuvoso,Não existe,Perfeito estado,Molhada,Perfeito estado,Não existe,Não há placas,60 km/h,Única,Faixa seccionada,Canteiro central,
66,FIXO,Portaria 066/2007,FSMTD – 0601,FS038,RUA VISCONDE DE JEQUITINHONHA,SUBÚRBIO,-8.14438,-34.906482,3,60,28300,jan/22,2020-02-20,23:00:00,SEM VÍTIMA,CANCELADA,BOA VIAGEM,RUA VISCONDE DE JEQUITINHONHA,,RUA BARAO DE SOUZA LEAO,ENF AO HOSPITAL NOSSA SENHORA DAS GRAÇAS,BOA VIAGEM,124.0,,ENGAVETAMENTO,VERSA X PRISMA X JOY,3.0,,,,,,,,,0.0,,,,,,,,,,,,,,
66,FIXO,Portaria 066/2007,FSMTD – 0601,FS038,RUA VISCONDE DE JEQUITINHONHA,SUBÚRBIO,-8.14438,-34.906482,3,60,28300,jan/22,2020-02-27,07:39:00,SEM VÍTIMA,FINALIZADA,BOA VIAGEM,RUA VISCONDE DE JEQUITINHONHA,,RUA DOM JOSE LOPES,,BOA VIAGEM,,,ABALROAMENTO TRANSVERSAL,COLISÃO SEM VITIMAS,2.0,,,,,,,,,0.0,,Cruzamento,Bom,Não existe,Perfeito estado,Seca,Perfeito estado,Faixa de pedestre,Placas Pare,,Única,Não existe,,